post_uri,post_text,llm_content_category,is_content_correct (0 or 1),llm_expression_category,is_expression_correct (0 or 1),llm_style_stance_category,is_style_correct (0 or 1)
at://did:plc:7hokbe2orxqnoijkvcfrcghi/app.bsky.feed.post/3m625czutxk2e,3日寝たきりで漸く起きれるようになったかと思ったら定期試験だったのでもうイジメですよこれ(気狂いの発言),学校の悩み,1.0,憂い,1.0,独り言・独白,1.0
at://did:plc:imscs5vis27i6ytacjaue5oc/app.bsky.feed.post/3m625czth222o,お待たせしました！！,おしゃべり、雑談,1.0,喜び,1.0,親しみを込めた,1.0
at://did:plc:3z4lpmgnbccz3uzpza52aw7k/app.bsky.feed.post/3m625czrz5c2u,"それすぎる〜
マシュマロを文句言うサービスとして使ってるの人間性が歪みすぎてる",おしゃべり、雑談,1.0,嫌悪,1.0,独り言・独白,1.0
at://did:plc:s33oqa7ki72o3kuwpiolhy2m/app.bsky.feed.post/3m625czgmv22p,やはり。,おしゃべり、雑談,1.0,平穏,1.0,独り言・独白,1.0
at://did:plc:f56y25b6n2mjty2rbwnjshz6/app.bsky.feed.post/3m625cz4tfs2t,世間は6.0までの人が多いということですね,おしゃべり、雑談,1.0,平穏,1.0,丁寧・中立,1.0
at://did:plc:dkzlmf4bjntxugptdp363laj/app.bsky.feed.post/3m625cyyhr22o,"ヲタクなので新しいファイルを買った
めっちゃかわいいやつ",趣味,1.0,喜び,1.0,独り言・独白,1.0
at://did:plc:wk2io75az6f5qllrzvhfzegk/app.bsky.feed.post/3m625cylzd22c,美味しそうですねー！りんごとチーズの食感の違いも面白そうですね☺️✨,料理、食材,1.0,興味,1.0,親しみを込めた,1.0
at://did:plc:3ogq5f2u5y2ihoydoymf7gn5/app.bsky.feed.post/3m625cy6cts2j,落単全力回避さんデート中に位置情報にいいねするのはやめましょう,恋愛相談、人間関係の悩み,1.0,警戒,1.0,教訓的・啓発的,1.0
at://did:plc:kkbpa5bp7fedvgtwpqlozard/app.bsky.feed.post/3m625cxx5e22s,記録用 (〜80まで),おしゃべり、雑談,1.0,平穏,1.0,独り言・独白,1.0
at://did:plc:qzhkqeueqcbhnr4wfq2aptzq/app.bsky.feed.post/3m625cxwtlk2b,マルス様はスマブラで使ってるから好きそうだし(偏見)、アイクはイサミみたいでかっこいいし(偏見),ゲーム,1.0,喜び,1.0,独り言・独白,1.0
at://did:plc:2dcppghagp2sy6ngkrrotkgg/app.bsky.feed.post/3m625cxi6tk2b,ヤスダ手数多い💢💢,おしゃべり、雑談,1.0,怒り,1.0,独り言・独白,1.0
at://did:plc:jmpzvtz67xefgaibco5r3uxe/app.bsky.feed.post/3m625cx3hmc22,"竹芝さんに乳首ペロペロされると、八重歯がかりかり当たって気持ちいいらしいんだよね。
大崎はその刺激に慣れてしまうんだよね。そのうち。
えっ？
大崎は攻めです。",同人誌、コミケ,1.0,驚き,1.0,独り言・独白,1.0
at://did:plc:c6z72ftzqrk2zlu546uyoe44/app.bsky.feed.post/3m625cwmlzk27,差し入れって結構めぐリズムが多かったな、食べ物以外ならそれが良いのかな,日用品、生活雑貨,1.0,興味,1.0,独り言・独白,1.0
at://did:plc:6x4absyttjqjpltpxr55432i/app.bsky.feed.post/3m625cvkm522w,サウンドトラックも最高なんだよな…とくにベル姉のテーマが本当に大好き……,音楽,1.0,喜び,1.0,情熱・熱狂,1.0
at://did:plc:fjsdcmnl2zq3x2hkurtgk3ra/app.bsky.feed.post/3m625cvhlhc2p,"ゲ忌ほんと楽しかったなぁ💭ほろ酔いみずうっきうきでかわいかった🥰ほんと同じおかお🥹
RP",おしゃべり、雑談,1.0,喜び,1.0,親しみを込めた,1.0
at://did:plc:35bqq7rr6a7lm662zhpzxoeh/app.bsky.feed.post/3m625cvgvxs2k,"あぁ、まって…………シネマカリテのセレクションほんとにほんとに最高だ…………………こんな……………なくなっちゃうのか…………
qualite.musashino-k.jp/news/27499/",映画,1.0,悲痛,1.0,独り言・独白,1.0
at://did:plc:lz5yvt3bflfvca526jdfpogi/app.bsky.feed.post/3m625cuo4ys2j,おはようございますにゃ！今日もよい１日でありますようににゃ♪,おしゃべり、雑談,1.0,喜び,1.0,親しみを込めた,1.0
at://did:plc:jdrdni42s4xcd2sjwvtfkzui/app.bsky.feed.post/3m625culf4c2u,神保町久しぶりだ〜友達の元バ先で飲んで以来,飲食店,1.0,平穏,1.0,独り言・独白,1.0
at://did:plc:yxepebosmbxu52gjeo3kezp5/app.bsky.feed.post/3m625ctxxzc2t,グッズ詳細がどんどん明るみになってピャーーーーーーッって感じですね(混乱),趣味,1.0,動揺,1.0,情熱・熱狂,1.0
at://did:plc:hhaw65cfwxdxp3u4h5vsnbqv/app.bsky.feed.post/3m625ctng4s2h,"💎完売御礼✨特別に追加１枠登場‼️《マリア》さん🌙💐
📅本日【21:00〜100分】のみご案内可能💖

早々にご予約が満了していた大人気セラピスト《マリア》さん🌹
なんと…ご希望多数につき、**奇跡の１枠だけ特別に追加！**💫

上品で綺麗、そしてどこか神秘的な大人の色香。
穏やかな微笑みと丁寧な言葉づかいに、
“包まれるような癒し”を感じる女性💎✨

💖完売必至の人気美女《マリア》さん。
奇跡の【21:00〜100分】──この特別な時間を逃したら、きっと後悔します💎✨

ご希望の方はお早めに💐
“奇跡の追加枠”は、ほんのひとときだけ🌹",エステ、脱毛,1.0,期待,1.0,情熱・熱狂,1.0
at://did:plc:szucifgwsbsbqreq6hssolok/app.bsky.feed.post/3m625ctcqdc2c,ハズビンの歯茎ｸﾞｷｨｯ...て見せてる笑顔の絵がほんますきやな............,アニメ,1.0,喜び,1.0,独り言・独白,1.0
at://did:plc:mphjbmmxfesfipuumwhwec2l/app.bsky.feed.post/3m625ct7krc2s,"真ん中、右は描き直し
左は架空のVで作ったやつだからこのまま御蔵にはいっていただいておこう",絵画,1.0,平穏,1.0,独り言・独白,1.0
at://did:plc:l43ohx2co7xo7kqm62gadzg4/app.bsky.feed.post/3m625cszpbc2v,昼飯は出前館でケンタッキー頼んだ,ファーストフード,1.0,平穏,1.0,独り言・独白,1.0
at://did:plc:7xikbhuunjwvkprwygqfehxx/app.bsky.feed.post/3m625csytwc2p,メチャクチャ美味そう🍕😆🍕,料理、食材,1.0,喜び,1.0,情熱・熱狂,1.0
at://did:plc:u55gig5hsjkfe46au3muaqyx/app.bsky.feed.post/3m625csuwwc2g,"結構ガッツリ！？
気になるお味",料理、食材,1.0,興味,1.0,独り言・独白,1.0
at://did:plc:b2vs4oly5pchuamus45zxlnd/app.bsky.feed.post/3m625cstb7k2y,やった〜‼️‼️‼️‼️やった〜ッッ‼️,おしゃべり、雑談,1.0,喜び,1.0,情熱・熱狂,1.0
at://did:plc:zj6inz25hs777cjpwitni2zq/app.bsky.feed.post/3m625csq7kk2i,"【30％ポイント還元中】RMZ-001 ブレードライガー

DMM通販で予約受付中！
販売価格:	4,950円
獲得ポイント:1,350pt

#ゾイド #ZOIDS #タカラトミー

plamofigure.com/article/11948",模型、プラモデル、ラジコン,1.0,平穏,1.0,客観的・分析的,1.0
at://did:plc:rwg5in4rurckqfzr5smtet3u/app.bsky.feed.post/3m625cr5ij224,"ありがとう*\(^o^)/*
終わってこれから帰ります♪",おしゃべり、雑談,1.0,喜び,1.0,親しみを込めた,1.0
at://did:plc:bkturbyqmrr2spbo56mft7tn/app.bsky.feed.post/3m625cr42mc2b,"🤔？
※私は何も言っていません
fxtwitter.com/kazamairohac...",X（旧Twitter）,1.0,驚き,0.0,独り言・独白,1.0
at://did:plc:mm4xmcnqblemslg7pmexmuqn/app.bsky.feed.post/3m625cquy2c2h,お腹の自認もぴよたんなんですね…,おしゃべり、雑談,1.0,平穏,1.0,独り言・独白,1.0
at://did:plc:fydey6szsboy3tl3puw5q4dq/app.bsky.feed.post/3m625ciib6a2x,"タイミング悪かったｗｗｗｗ
アルファ…ごめんｗｗｗｗｗｗ

#FF14",ファイナルファンタジー,1.0,動揺,1.0,ユーモア・ネタ,1.0
at://did:plc:g3a3n5qe3wotgjgv2tpu3eai/app.bsky.feed.post/3m625cqmpfk2h,gmailのこのメールは英語で書かれているかもしれません判定ガバガバすぎない？,メール,1.0,怒り,1.0,独り言・独白,1.0
at://did:plc:oiy2yi4vhhobgkc6jbqocw7q/app.bsky.feed.post/3m625cqb6b22m,たくさんかけられるの、好きー！！,おしゃべり、雑談,1.0,喜び,1.0,情熱・熱狂,1.0
at://did:plc:flczgiu3a2jqmqlk54qnbf4c/app.bsky.feed.post/3m625cpr2nw2w,"🛎️NNNより【速報】です。

【速報】JR神戸線で電車と車が接触 車が踏切内に進入 土山～姫路間で運転見合わせ（午後3時15分）
(2025-11-20 15:13) #ニュース

🚃鉄道運行情報
🔗https://transit.yahoo.co.jp/diainfo",ニュース、事件,1.0,平穏,0.0,客観的・分析的,1.0
at://did:plc:5rhi5d3rcyolkjlxjh6uihbc/app.bsky.feed.post/3m625cpfy5c2v,"王国の話してたけど。
支部を探すと私のSH二次創作出てくる。",同人誌、コミケ,1.0,平穏,1.0,独り言・独白,1.0
at://did:plc:kt4nep4hbhqbaepnnh6lhi5w/app.bsky.feed.post/3m625cp4t6c2n,"干してた布団 取り込みに外出たら、オッドアイの白猫ちゃんと目が合って、びっくりさせちゃった🥺
くつろいでるとこ邪魔してごめんね…",ネコ,1.0,驚き,1.0,親しみを込めた,1.0
at://did:plc:w45wb7gekbq5eezekwnbwcjn/app.bsky.feed.post/3m625coo7fk2d,"本日🈵完売させて頂きました❣️
ありがとうございます✨
次回出勤は11月21日13時30分〜姫路ルーム➡️17時〜東加古川ルームとなります🫶
お問い合わせお待ちしております🫧
#姫路メンズエステ
#姫路メンエス
#東加古川メンズエステ
#東加古川メンエス
#加古川メンズエステ
#加古川メンエス",エステ、脱毛,1.0,喜び,1.0,丁寧・中立,1.0
at://did:plc:m7fulqun3sifdchy7275hxvf/app.bsky.feed.post/3m625cnatas25,このおっぱいで長兄はムリでしょ🐕️,アニメ、コミック,1.0,驚き,1.0,独り言・独白,1.0
at://did:plc:z37l7hpm7lysmehhqfngwdg3/app.bsky.feed.post/3m625cmynjs2c,いちごみるくの感じ🍓🥛,お酒、ドリンク,1.0,平穏,1.0,独り言・独白,1.0
at://did:plc:qiwwnbsadpcyhlwll33kq6lm/app.bsky.feed.post/3m625cmvlus2h,クッソｗｗｗｗあとからカラから謝罪受けても「エッ、あれ友達だぜ😀だから気にすんなよ」っていわれるけどカラからしたら「？？？？」だよな「一夜を共にしたのに恋人じゃない！？」って……,恋愛相談、人間関係の悩み,1.0,驚き,1.0,独り言・独白,1.0
at://did:plc:vq3xon4v77cjs3tsdo2xdttp/app.bsky.feed.post/3m625cmkxzs2t,ガチでありえねー😓,おしゃべり、雑談,1.0,怒り,1.0,独り言・独白,1.0
at://did:plc:btrxj6rekpf64tdgesq7wseg/app.bsky.feed.post/3m625cmcscs2r,"自分への戒め  
この後つらいのは自分自身だぞ",生き方、人生相談,1.0,警戒,1.0,独り言・独白,0.0
at://did:plc:cknuraprcoz3jrazawlfswvh/app.bsky.feed.post/3m625cm27vk27,例えば　闘獣の檻　遠方からの来客　赤い霧の眠らぬ夜　この世には無くなった方がいいステージがあります,ゲーム,1.0,嫌悪,1.0,独り言・独白,1.0
at://did:plc:bdorjd7syhv5ymfpl4ukfonu/app.bsky.feed.post/3m625clppxk2z,氷室零一！やばい,ゲーム,1.0,喜び,1.0,情熱・熱狂,1.0
at://did:plc:n3yfgknjrktp54qzmdo4miau/app.bsky.feed.post/3m625clfygs2f,データ　わからない,おしゃべり、雑談,1.0,驚き,0.0,独り言・独白,1.0
at://did:plc:4tuij5aazzlpq6irpgnvcvx5/app.bsky.feed.post/3m625clbvlc22,"エンテンちゃまもいつか魔法少女♂になって逞しいお御足を出して頂きたい
同じくムキムキ魔法少女♂ケシーサンとセットで物理で敵を爆散させるぷぃきゅあになれ！",アニメ,1.0,期待,1.0,情熱・熱狂,1.0
at://did:plc:mapumgzeotosmq27end53i7f/app.bsky.feed.post/3m625clbwkk2a,"流行ってる？やつを見てリハビリがてら描いた
アオリ難しいんよなあめっちゃ分かるわ…フカンも難しいけど",絵画,1.0,平穏,1.0,独り言・独白,1.0
at://did:plc:ewczhbmxgo6bhaqunbhub7od/app.bsky.feed.post/3m625cjsotk2s,リザードンがイケメンすぎて、事後のような色気を感じてしまいました,ポケットモンスター,1.0,恍惚,1.0,情熱・熱狂,1.0
at://did:plc:3ihkkgkdi2nxz724fyqsducc/app.bsky.feed.post/3m625cjpm7c2c,"TOBリマスター！やりたい！
当時やり込みまくった程大好きで…！",ゲーム,1.0,喜び,1.0,情熱・熱狂,1.0
at://did:plc:5idvwcymafv6ggineptx4bcb/app.bsky.feed.post/3m625cjlmbk2s,"34【都市伝説解体センター】ちょっと怪異になってくる【女性実況プレイ】
www.nicovideo.jp/watch/sm4563...

#sm45632933
#ニコニコ動画",ニコニコ動画,1.0,平穏,1.0,客観的・分析的,1.0
at://did:plc:42hjxypvtrby3ynyg2yjlgst/app.bsky.feed.post/3m625cjgn3s2y,"7章とおまけかと思ったら全然いっぱいあるのね…
奏章飛ばせないんだったら諦めた方がいいかな",ゲーム,1.0,憂い,1.0,独り言・独白,1.0
at://did:plc:srgolyzcv2yoi6cn6uzobh2v/app.bsky.feed.post/3m625cjewfs2v,にょらちさんのYoutube配信にアーカイブ残して欲しいです😮‍💨,YouTube,1.0,期待,1.0,独り言・独白,1.0
at://did:plc:yjqrnjcd7ngxy6vhblyf3a3v/app.bsky.feed.post/3m625cj5vsc2f,羅小黒戦記、ほまに是非……強く押しすぎるのもいけないとおもいつつ強く推しています,アニメ,1.0,喜び,1.0,情熱・熱狂,1.0
at://did:plc:dnly4wu4gmkuqr3pntfeir4l/app.bsky.feed.post/3m625cj54fs22,炬燵解禁。堕落の檻。,家具、インテリア,1.0,平穏,1.0,独り言・独白,1.0
at://did:plc:h5n223vlfytszzuvuxavjad4/app.bsky.feed.post/3m625civ3l224,Vamos a empezar la mañana...frío... mucho,おしゃべり、雑談,1.0,平穏,1.0,独り言・独白,1.0
at://did:plc:zdolewrbgzjz65c6cz7jrejp/app.bsky.feed.post/3m625cii3kk2a,"令和赤影４話見た。
千年蝦蟇ーっ😭",特撮,1.0,悲しみ,1.0,独り言・独白,1.0
at://did:plc:t7lbs7coh5vrmxf7yxe27vek/app.bsky.feed.post/3m625ci6yk22n,仕事の横で飲んでいる紅茶が美味しすぎて本末転倒になってます。,お酒、ドリンク,1.0,喜び,1.0,独り言・独白,1.0
at://did:plc:jcyimqu7pg4uainfqtcknhpr/app.bsky.feed.post/3m625chts5c2u,【悲報】ルーカスユルライト、唯一のメガネを踏む,アニメ,1.0,悲しみ,1.0,ユーモア・ネタ,1.0
at://did:plc:3mdmxxjhlg5zyockjwioxni3/app.bsky.feed.post/3m625chlgks2r,胡麻味噌ラーメン,料理、食材,1.0,平穏,1.0,独り言・独白,1.0
at://did:plc:tnypa6bh7v6gz2cj4pi7ugsm/app.bsky.feed.post/3m625chgnak2v,冷たい雨の合間にちょっと陽が差したので、もしやと思って外に出たら…,気象、天気,1.0,興味,1.0,独り言・独白,1.0
at://did:plc:6ll3m4rwe63bdchc7xupi2we/app.bsky.feed.post/3m625ch5gd222,帰ったらコンビニ行ってエアライダーとZA DLC買う,ゲーム,1.0,期待,1.0,独り言・独白,1.0
at://did:plc:wpc2hu2bc3fz3466lwtlrt6u/app.bsky.feed.post/3m625ch4wp22t,"でも差し入れくれる人の名前は覚えてるよ 
顔は…雰囲気で…なんか前にも来てくれた気が、する…！レベルなんだけど…本当にごめんね…",恋愛相談、人間関係の悩み,1.0,悲しみ,1.0,独り言・独白,1.0
at://did:plc:jhhnez5pmb475c65ok3y7o4q/app.bsky.feed.post/3m625cgpvpc2z,"諦めた盛り付け。
洗い物を減らそうとタレを上からぶっかけた餃子。",料理、レシピ,1.0,憂い,1.0,独り言・独白,1.0
at://did:plc:elvzp3th7bcxexjdqcrpdupr/app.bsky.feed.post/3m625cfwhas2j,ム印の、ビターチョコサンドクッキーとても食べたい,菓子、スイーツ,1.0,期待,1.0,独り言・独白,1.0
at://did:plc:i3povkz2pqq7patlk6gh5ffb/app.bsky.feed.post/3m625cfdtkc22,軽く頭痛い時に頭痛の薬飲むかめっちゃ悩むけど飲まずにほっとくとめちゃくちゃ悪化して目も開けられなくなることがある、しかし薬を飲みすぎると20錠しかもらえないためすぐなくなっちまう　gamble,病気、症状,1.0,心配,1.0,独り言・独白,1.0
at://did:plc:rgz6ar7zja22ozizeaqlvax4/app.bsky.feed.post/3m625cf65vs2u,"あんだけ我慢してたらそら潰れるよな…
お相手さん全然彼に構ってあげてなかったし",恋愛相談、人間関係の悩み,1.0,悲しみ,1.0,独り言・独白,1.0
at://did:plc:iqcf2ocyd777bfjq4h5bkt7f/app.bsky.feed.post/3m625cekiys2v,"さっきネットの記事で、無印良品は意外と廃番になるの早いよねっていう記事を読んだよ。
私も無印に限らず経験ある〜〜💧",無印良品,1.0,平穏,1.0,独り言・独白,1.0
at://did:plc:3oz2mybvsnruwf4vzf73ebok/app.bsky.feed.post/3m625ceipf22x,"実はそんなに強くないんだw
PC鯖慣れしてないフィジカル弱め集団だから逆にお手柔らかに頼みたいorz",オンラインゲーム,1.0,心配,1.0,謙遜・へりくだった,1.0
at://did:plc:en7u367h3hmshth4tjj24csh/app.bsky.feed.post/3m625cdrk6c2i,キャラクターの皆さまが独特の言語体系を持つため、分かりにくいかも、と思ってはいますが、私個人のﾍｷとしてその人だけの言葉、置換不可能・翻訳不可能な言葉で告白してくれるというのがあるため譲れないんよな　その告白を理解するためには相手の言語体系に慣れなくてはいけなくて　そういう相互理解の時間を育んでゴールインするの個人的には納得のハッピーエンド,アニメ、コミック,1.0,喜び,0.0,独り言・独白,1.0
at://did:plc:6htdlcnwc24ik5v2dukhmdhq/app.bsky.feed.post/3m625cdr6hc2o,"「主結婚すんの！？！？！？？」
私結婚すんの？
「なんだデマか」
待て待て待て待て何何何
「いや今本丸掲示板で主が結婚❤って見出しで張り出されてて……」　
あ〜〜〜〜〜〜〜それ多分「主が結婚❤発言！？白昼堂々の浮気か」みたいなやつだよ
しかも結婚❤ってギルガメッシュネイキッドに対する戯言だし…
細かい字で補足されてるやつだよそれ
「長谷部が今博多詰めてるって」
バカ獅子王くんそういうのは最初に言って！！！",同人誌、コミケ,1.0,驚き,1.0,独り言・独白,1.0
at://did:plc:lgm3kzbkgfugsq3qyolmqyjo/app.bsky.feed.post/3m625ccsuq22a,🍂🌿,おしゃべり、雑談,1.0,平穏,1.0,独り言・独白,1.0
at://did:plc:jqu42teug25mmoct6445ddid/app.bsky.feed.post/3m625ccqfms23,肌荒れさせてしまった,スキンケア,1.0,憂い,1.0,独り言・独白,1.0
at://did:plc:4pxairhwoqjrk53gbkbcfbfu/app.bsky.feed.post/3m625cdbjxk2q,だめだかわいい　かわいいの致死量だ,おしゃべり、雑談,1.0,恍惚,1.0,情熱・熱狂,1.0
at://did:plc:xbftenpubghrzcnbxbdgvyxq/app.bsky.feed.post/3m625ccldjc2q,まじで横になりたい,健康、病気、病院,1.0,憂い,1.0,独り言・独白,1.0
at://did:plc:kcrhofdlplqkewmrli7uhlen/app.bsky.feed.post/3m625cbykwk25,"そうでーす！パズプラ是非とも読んでください(模写元)
顔を横に引き伸ばされてひたすら謝ってるの可愛いですよね〜☺️",コミック,1.0,喜び,1.0,親しみを込めた,1.0
at://did:plc:6w2kttbfnqb77774emi26ook/app.bsky.feed.post/3m625cbh4dk23,眠いしやる気ないし耳かゆいしどうしようもない,健康、病気、病院,1.0,憂い,1.0,独り言・独白,1.0
at://did:plc:7obuh7r5k3w3q533tfb4ullo/app.bsky.feed.post/3m625cb5yds2g,腹減ったー,料理、レシピ,1.0,憂い,1.0,独り言・独白,1.0
at://did:plc:yli7b23xzi2rbed6e44odqim/app.bsky.feed.post/3m625cb2f4c2x,"あざます！！！
もっと走れるように応援してね🎀",おしゃべり、雑談,1.0,喜び,1.0,親しみを込めた,1.0
at://did:plc:gc6xcp62yyl6blcxhhghnpqo/app.bsky.feed.post/3m625caymhs26,"写真サイズでかくって縦になっちゃった💦
見辛くて申し訳ないデス🙇",写真、ビデオ,1.0,悲しみ,1.0,謙遜・へりくだった,1.0
at://did:plc:nkqwv3q3tpmgmpu64aqg4wm5/app.bsky.feed.post/3m625cavulc27,へへｯｯｯ(照),おしゃべり、雑談,1.0,喜び,1.0,独り言・独白,1.0
at://did:plc:z37l7hpm7lysmehhqfngwdg3/app.bsky.feed.post/3m625caje6s2c,お風呂入ってえらい！,おしゃべり、雑談,1.0,喜び,1.0,親しみを込めた,1.0
at://did:plc:i4on7m3mpelukkko7lnp3vrd/app.bsky.feed.post/3m625ca5uys26,最近の私はお絵描きモチベに満ちているから（当社比）、作業通話いつでも助かるわよ,絵画,1.0,喜び,1.0,独り言・独白,1.0
at://did:plc:kpcqi3ep4iixhytokxdbvcm7/app.bsky.feed.post/3m625c7zlck2a,"ReFaの商品、良レビューも耳にするのでまだ半信半疑だったけど、5000円の水売り始めたらしくてもう""そっち側""にしか見えなくなった",コスメ、美容,1.0,嫌悪,1.0,皮肉・当てこすり,1.0
at://did:plc:smh3o32cbvw32dpvqpfi3ecs/app.bsky.feed.post/3m625c7zcjc25,アカギレはじめました,皮膚の病気、アトピー,1.0,憂い,1.0,独り言・独白,1.0
at://did:plc:lti757ivks6hsuibfq443k2v/app.bsky.feed.post/3m625c7szds2o,こんな時代はなかった。いいな？（）,おしゃべり、雑談,1.0,平穏,1.0,独り言・独白,1.0
at://did:plc:h3t7fltdq2i4o4iproaz3kkr/app.bsky.feed.post/3m625c7mwz22j,あの微妙な違いで手首への負担けっこう変わるから、机にいつも手を置いてる感じにしながら試してみるとよいよ,健康、病気、病院,1.0,信頼,1.0,教訓的・啓発的,1.0
at://did:plc:ywiewnjgrw3uelkrjcpw5af2/app.bsky.feed.post/3m625c7hdd22w,"1枚目：かしゆか（Perfume）
2枚目：山﨑天（櫻坂46）",芸能人,1.0,平穏,1.0,客観的・分析的,1.0
at://did:plc:ddq6iyscgd6y6mkm52lem2gh/app.bsky.feed.post/3m625c7b34s2n,起床,おしゃべり、雑談,1.0,平穏,1.0,独り言・独白,1.0
at://did:plc:n6x6hgah2lu3pndbtpsebrit/app.bsky.feed.post/3m625c6m4a22n,"鶏肉も毎回骨外すのめんどくなってきたから、もう骨ごと焼いていいかなw
毎日ローストチキン、クリスマスのメニューには困らないね。",料理、食材,1.0,平穏,1.0,独り言・独白,1.0
at://did:plc:64iltpesxf7s73a4eptmxgf4/app.bsky.feed.post/3m625c6a2ic2t,今日もiPadでYoutubeを見ようと起動したら、真っ白な画面が表示されたまま動かなくなった。昨日のデバイスの再起動で直ったかと思えば、また同じ不具合とはどうすりゃええんじゃほうやれほ。てなわけで今日は、アプリを一旦アンインストールし、アップルストアからダウンロードし直してみた。一応まともに起動して動画も見られた。しかし途中で挙動がおかしくなったりしたし、iosソフトウェアのアップデートもあったので、現在そちらを更新中。今度こそこれで直ればよいが。,スマートフォン,1.0,憂い,1.0,独り言・独白,0.0
at://did:plc:yxggnpkwr36zlgamv5ejcz3m/app.bsky.feed.post/3m625c62bw22w,"その着せ替え人形は恋をする(5)読了
主人公いい奴でハイスペでこりゃヒロインも惚れるわ〜",コミック,1.0,喜び,1.0,独り言・独白,1.0
at://did:plc:rwg5in4rurckqfzr5smtet3u/app.bsky.feed.post/3m625c5fa3k24,"こんちわ❗️*\(^o^)/*
仕事終わってこれから帰ります♪",おしゃべり、雑談,1.0,喜び,1.0,親しみを込めた,1.0
at://did:plc:fsyjck66eb4vbbgqipkd76jh/app.bsky.feed.post/3m625c4w2qc2s,14もね、興味がないわけではないんですが、今ちょっとﾌﾛﾑ産の男たちに（またしても）盛大に狂わされており...,ゲーム,1.0,恍惚,1.0,独り言・独白,1.0
at://did:plc:rfjeuov2scrqclhz7yheecrb/app.bsky.feed.post/3m625c4mcac2k,"お義母さんと""九十九夜さん""",おしゃべり、雑談,1.0,平穏,1.0,独り言・独白,1.0
at://did:plc:m4m33za35gvggof5p3iqeqgo/app.bsky.feed.post/3m625c4krfs2b,うおおおお好きすぎて辛い　(現実を考えると)辛い…　疑似友愛　死にたくなりますね…　好き,趣味,1.0,悲痛,1.0,情熱・熱狂,1.0
at://did:plc:7texibqfuicotxbzzbuajk2o/app.bsky.feed.post/3m625c4dvok26,"てるとがインスタ更新できてる…？！
VPN使ったのかな😂",Instagram,1.0,驚き,1.0,独り言・独白,1.0
at://did:plc:7nuhta4jwip64txwcfi4yxwi/app.bsky.feed.post/3m625c3vuhk2x,頭悪くてもお手軽パズル、短時間プレイ、でかつよ女を推し絵師が描いててしかも声も解釈一致のゲームはだいぶ前にサ終しちゃったんだよな……,ゲーム,1.0,悲しみ,1.0,独り言・独白,1.0
at://did:plc:o2wqkqc3he7ihm3lbsnlnt5l/app.bsky.feed.post/3m625c5xcil2k,イオンモール日根野のフードコートしょぼかったな,飲食店,1.0,嫌悪,1.0,独り言・独白,1.0
at://did:plc:jp5yvwxuawuvfrco3fsuyala/app.bsky.feed.post/3m625c3ecws2u,パレットブロックと言えばいいのかあれは,おしゃべり、雑談,1.0,驚き,0.0,独り言・独白,1.0
at://did:plc:dbptwo3oa2iema535pfja7tt/app.bsky.feed.post/3m625c3dhls2b,"#中央・総武各駅停車 
#総武快速線 

人身事故マジか〜 (´・ω・`)
帰るときまでに通常には戻らないだろうな (ヽ'ω`)",鉄道、列車、駅,1.0,憂い,1.0,独り言・独白,1.0
at://did:plc:owxuyxg4nb7szx4nigc5ghki/app.bsky.feed.post/3m65d2aftck2v,てすと,投稿練習,1.0,平穏,1.0,独り言・独白,1.0
at://did:plc:befwx23wdk6ipcsyexx2urj6/app.bsky.feed.post/3m65czupcwk22,"有識者です(有識者？)
幻覚催眠洗脳睡姦BLです
対戦よろしくお願いします",雑談,1.0,平穏,1.0,ユーモア・ネタ,1.0
at://did:plc:mcmufa7tqqm35nntucpbomsk/app.bsky.feed.post/3m65czulhv22c,ヒロちゃんええこすぎる,雑談,1.0,喜び,1.0,親しみを込めた,1.0
at://did:plc:twubwhawxrfiglsc2amfelxe/app.bsky.feed.post/3m65czuju4s23,ノンアル飲み会みたいなのやってみたいなーと思ったけど、それはつまりただの食事会か。,雑談,1.0,平穏,1.0,独り言・独白,1.0
at://did:plc:pbw7wzb2u523o5c2hwxlztne/app.bsky.feed.post/3m65czujr722s,トラペジウムの時も初日はトンデモ感想ツイートがバズって、「トラペジウムはクソ映画」って評価が早々にできあがっちゃったんだけど、逆にハマって8週も劇場に通った人たちが出たように（おれのことだよ！）、きっとスカーレットもハマった人たちが劇場に足繁く通うようになるよ！…多分。,映画,1.0,期待,1.0,親しみを込めた,1.0
at://did:plc:axabv3dbm2ep5fjucqbfat5q/app.bsky.feed.post/3m65czu6wjc2k,現在の細田守に何を期待しているの…,映画,1.0,動揺,1.0,独り言・独白,1.0
at://did:plc:oqv4h4oz3zzf4payh6g7x67f/app.bsky.feed.post/3m65cztiqkk2h,ツイフェミがキレ散らかすようなことをルモでしたい（えっくすではいいづらいこと）,政治、社会問題,1.0,怒り,1.0,挑発的・攻撃的,1.0
at://did:plc:g3wbonnzy4fahsrb2rdgqgad/app.bsky.feed.post/3m65czt5pzc2i,Dやんけ,雑談,1.0,驚き,1.0,独り言・独白,1.0
at://did:plc:tqzeszo4yd5ovfx5qnybk2ra/app.bsky.feed.post/3m65czsvr5223,ジプソは受けですよ？,雑談,1.0,平穏,1.0,独り言・独白,1.0
at://did:plc:3io5bltimzmzxts3kkgd2vh7/app.bsky.feed.post/3m65czshkzs2c,ハネ金逃し,雑談,1.0,平穏,1.0,独り言・独白,1.0
at://did:plc:bkturbyqmrr2spbo56mft7tn/app.bsky.feed.post/3m65czryph22r,"普段の食事(カプ麺)と比べるとたいへん素晴らしい食事をした！
満足！",料理、レシピ,1.0,喜び,1.0,親しみを込めた,1.0
at://did:plc:6rvoed3uslzlgw7sf5ewutd6/app.bsky.feed.post/3m65czrpuak2w,2028 Q3以降ぐらいにはこう、手に入るようになっていて欲しい気がする,雑談,1.0,期待,1.0,独り言・独白,1.0
at://did:plc:x3d23u2ayuvdu3hkvezysvfq/app.bsky.feed.post/3m65czrp5rs2c,"そんな遠いとこに！お疲れお疲れ…大変なところ返信ありがとうー！寝られる瞬間は寝てね、色々道中お気をつけて…！！
うっす、任されたー！",雑談,1.0,信頼,1.0,親しみを込めた,1.0
at://did:plc:va2kjjnhdngicwkh7lzaqxh7/app.bsky.feed.post/3m65czrkiek23,ありがとうーちゃん大好き……🫶明日昼間用事入って萎えてるけど、多分15時頃にはぱられる行けると思うので！,恋愛相談、人間関係の悩み,1.0,喜び,1.0,親しみを込めた,1.0
at://did:plc:dooj764fwqvsubpvvt6u6tpq/app.bsky.feed.post/3m65czr4vsc22,絶望,雑談,1.0,悲痛,1.0,独り言・独白,1.0
at://did:plc:vikupxz6acn7caqow5zlshhl/app.bsky.feed.post/3m65czr2vds2m,昨日ご一緒したフォロワーさんから「推しのぬいが遂に出たんです！」って見せてもらって ちいこいいのち可愛すぎてｳﾜｧ〜〜！💕ってなって 羨ましすぎたので遂に刺繍の基礎とか調べ始めましたよ,おもちゃ,1.0,喜び,1.0,情熱・熱狂,1.0
at://did:plc:r3quaigu52jlj5gkxdspm6qv/app.bsky.feed.post/3m65czqtizc22,"最近お気に入りのパーカーブルマ！
#AIイラスト
#ヴィーシニャ",アニメ、コミック,1.0,喜び,1.0,親しみを込めた,1.0
at://did:plc:rbcjlbj4wkkwckgmxa3y3sfy/app.bsky.feed.post/3m65czqprus2a,"あとね、捨て地の神殿もあるんだよ！
つい話し込んじゃう🤣🤣",ゲーム,1.0,喜び,1.0,親しみを込めた,1.0
at://did:plc:6swzgzh5tv5rjh3y6f2yqhzm/app.bsky.feed.post/3m65czq5a4s2k,多分普通に睡眠不足！！！,健康、病気、病院,1.0,憂い,1.0,独り言・独白,1.0
at://did:plc:5iumzjil5rwiaicdncrc6wh6/app.bsky.feed.post/3m65czq3sa22q,最近フリルを描き続ける悪夢とか見てたんだけど(現実と一緒かも)、さっきの気絶は夢すら見なかったのでだいぶ元気になった MP回復 寝るつもりだったけどお風呂入ってちょっとだけ作業する🎶,雑談,1.0,喜び,1.0,独り言・独白,1.0
at://did:plc:2c7oskwmjvgznrvamjyyy2o7/app.bsky.feed.post/3m65czq22ks2s,"あと私は何かを「イジる」ことにとても抵抗感がある。
「おもしろのための良かれ」なのだとわかっている。イジるネタも腐すネタも面白ければめっちゃ笑う。決して全否定なわけではない。
だけど、自ら敢えてそのスイッチを押しに行く感覚がなくて、「ハガキ職人になりたい」がためにその感覚を持ちたいとも思っていない。
だから私にとってハガキ職人は夢のまた夢だ。",芸術、文学、哲学,1.0,平穏,1.0,独り言・独白,1.0
at://did:plc:eqtzlw3c3mtzhxxri2eb5fm4/app.bsky.feed.post/3m65czpz77s2h,ノットフォーミー、ってかなりオブラートに包んでる。,雑談,1.0,平穏,1.0,客観的・分析的,1.0
at://did:plc:fwgernmyxoumvzoe4lovupw2/app.bsky.feed.post/3m65czpy6yk2c,ブルスカくんアイコン変わったよね？？？？なんかもっちゃりしてる……もっちゃり…………,コミュニケーションサービス,1.0,動揺,1.0,独り言・独白,1.0
at://did:plc:jiccdi2mbjbafxqtzmvu5n6w/app.bsky.feed.post/3m65czpbejk2t,"もっと勉強したい、お酒好きだから知りたい！
君たちは何の生物的分類だい？
酒には、なるのかい？
なるのだとしたら、美味しいのかい？
あああ、お酒、お酒よ…

(寝よう)",お酒、ドリンク,1.0,興味,1.0,情熱・熱狂,1.0
at://did:plc:wubu77jl75bye4z45jo5px6b/app.bsky.feed.post/3m65czp7kvs2p,凸効果も見直しくるんか？？？☆5の子だけか？？？強化対象全員の凸効果見直し来たらほんまに嬉しいんだが　頼むこい！！,ゲーム,1.0,期待,1.0,情熱・熱狂,1.0
at://did:plc:gkzgbsnnmkqh5spz7cp6x3e6/app.bsky.feed.post/3m65czp45js25,"えいっ！（ポロリ
うりゃ！（ビローン",ユーモア、ネタ,1.0,喜び,1.0,ユーモア・ネタ,1.0
at://did:plc:rvjtdjfk7cbh2d4mkzidbg3y/app.bsky.feed.post/3m65czov3x22q,のじけんの探偵ムーブまじおもろい,芸能人,1.0,喜び,1.0,親しみを込めた,1.0
at://did:plc:gasxadi5kcbilajff3zqfg7q/app.bsky.feed.post/3m65czotn322b,精神安定体格差,雑談,1.0,平穏,1.0,独り言・独白,1.0
at://did:plc:oxbgv4obbyq5m4uzc7a74mw6/app.bsky.feed.post/3m65czoq2ss2y,"なんと
明日は

仕事",職業,1.0,悲しみ,1.0,独り言・独白,1.0
at://did:plc:xxcrkuugjxwopmqmbguz64tu/app.bsky.feed.post/3m65czopty22c,"お絵描きすっぺー
FFさん限定でお題くださ〜い😭💦女のコしか描けないけども😭💦",趣味,1.0,喜び,1.0,親しみを込めた,1.0
at://did:plc:hyj3557f3fluaxynoso44rif/app.bsky.feed.post/3m65czoaqlc2f,1週間ぶりの整形外科。少しずつではあるけれどよくはなってきているということで、痛み止めの湿布+リハビリを続けて様子を見ることに。次回の診察は2週間後。その頃には手足の痺れがもう少し少なくなっていますように。,健康、病気、病院,1.0,期待,1.0,独り言・独白,1.0
at://did:plc:m3m5mmu3yxylkhytunttr3i7/app.bsky.feed.post/3m65czo2jec22,"トルーアンさん、ベール取っ払ってモガちゃんのマントを代わりに被せよう。
逆もまた（（マントを脱がせた時点で急行してきていたジョッフルさんの飛び蹴り",アニメ、コミック,1.0,興味,1.0,ユーモア・ネタ,1.0
at://did:plc:2esyvhpgu7jsq6oubpfqp3gz/app.bsky.feed.post/3m65cznwt722h,じゃあこれからchapter5の裁判やってきますね……ほな,ゲーム,1.0,期待,1.0,独り言・独白,1.0
at://did:plc:nfassd4bmqw23xvfugrdodkn/app.bsky.feed.post/3m65cznuf322t,お仕事終わり、週末だあ〜,職業,1.0,喜び,1.0,独り言・独白,1.0
at://did:plc:3airlvmvqffbpmkcj3w35tz2/app.bsky.feed.post/3m65cznsw722g,阿水さん(とモブ)落書き追加,アニメ、コミック,0.0,平穏,1.0,独り言・独白,1.0
at://did:plc:evm5cwnptyrqgbbzr4bkmula/app.bsky.feed.post/3m65cznllt22z,プレイアブルで今までにないモデルなのとまだキャラ発表きてないのとで少し不安になる,ゲーム,1.0,心配,1.0,独り言・独白,1.0
at://did:plc:whrtv2eaw75oge6lbtt5prbs/app.bsky.feed.post/3m65czndkyc24,ゆんゆんの「好き」は恋愛感情説：フィーチャーでずっと「愛」という言葉を使ってたのにあえてニュアンスの違う「好き」を使ったのってそういうことじゃないのかな～と思うけどわたししか言ってない,アニメ、コミック,1.0,興味,1.0,独り言・独白,1.0
at://did:plc:gt5rnxyhp4rs2mni4wy3st74/app.bsky.feed.post/3m65czndd6c2n,段階とかあれこれを楽しむためにもねー,雑談,1.0,喜び,1.0,独り言・独白,1.0
at://did:plc:w2osvc7mwckupwre2wzjqq3q/app.bsky.feed.post/3m65cznd2f223,何やら実質的な過去キャラ強化が来るらしいな,ゲーム,1.0,期待,1.0,独り言・独白,1.0
at://did:plc:s3mdw7yi62rhpzfgbn56jbjz/app.bsky.feed.post/3m65cznbqfc2n,"竜とそばかすの姫見てるけど現実にこんなSNSあったらやだなあ
生体情報常にスキャンしてるってやば",映画,1.0,嫌悪,1.0,独り言・独白,1.0
at://did:plc:erjfu5uzilkiea3eu5nyiq47/app.bsky.feed.post/3m65czn5uek2x,ョョってつくづく運命の話だなーと思うなどした　帰りながら続き見るか〜〜〜,アニメ、コミック,1.0,興味,1.0,独り言・独白,1.0
at://did:plc:pgagh67xm74h7siep5es4gsq/app.bsky.feed.post/3m65czn35hc23,レザは持ってるから除外としてフィシュとスクロ貰えるならどっちがいいんだ　どっちも持ってないんだよな,ゲーム,1.0,興味,1.0,独り言・独白,1.0
at://did:plc:5y6vpbwuwuazh4jn3cf7w2sh/app.bsky.feed.post/3m65czmzfs22f,"進捗上げられてる時からめちゃくちゃ好みの人外さんで、楽しみにしておりました…！！お仕事も忙しい中、本当にお疲れ様です😭👏

今回コミティアは行かないのですがお通販かDLsiteで必ず読ませていただきます❣️",アニメ、コミック,1.0,喜び,1.0,激励・応援,1.0
at://did:plc:cqz3pn5p3uxaulpp6ywyeutc/app.bsky.feed.post/3m65czmsypk2e,いいねぇ,雑談,1.0,喜び,1.0,独り言・独白,1.0
at://did:plc:lf7qohfrf527elapketjuo67/app.bsky.feed.post/3m65czmphgk2a,"流行りのアバター(特にそこで流行っている改変済の顔)に寄せれば寄せるほど人気が出るのはみんなわかってるけど、クリエイターとしてそれをやったらおしまいだから避けているわけで……みたいなことを思ってしまう
悪い意味で商売っ気が強すぎるんだろうなぁ",アニメ、コミック,1.0,嫌悪,1.0,独り言・独白,1.0
at://did:plc:r5snft2fzlcxvtxlq3zabedl/app.bsky.feed.post/3m65czmj5bs2k,"コート🧥だけど コートいる？
わからんこっち大雪だから帽子手袋はいてきた",ファッション,1.0,動揺,1.0,独り言・独白,1.0
at://did:plc:izirwexskcrpuqmdlmsk4ovq/app.bsky.feed.post/3m65czmgid222,やいのやいの……と集まってくるとこかわいすぎでありえない　オルトくんが学級委員長になってり,アニメ、コミック,1.0,喜び,1.0,情熱・熱狂,1.0
at://did:plc:dpprv2bc4n245i72s7dvt2la/app.bsky.feed.post/3m65czme54s2d,ニケ姫さまのためならえんやこら🐕,アニメ、コミック,1.0,喜び,1.0,情熱・熱狂,1.0
at://did:plc:dzin5ouwurlezr3fxp3vy5ey/app.bsky.feed.post/3m65czm62s22s,"その前に親愛読むか… ？
2部前に履修したほうが良さげのを読んでこうとは思ってて…

次はブラッド→ネロ→ムルかな？

《読了》
中央:オズ
北:スノホワ
東:ファ、ヒース、シノ
西:シャ、クロ、ラス
南:フィ、レノ",ゲーム,1.0,興味,1.0,独り言・独白,1.0
at://did:plc:b3kapk36rheaswp5k6netahm/app.bsky.feed.post/3m65czm4wns2g,明日…予告公開されれば…よいな…🥳,テレビ、ラジオ,1.0,期待,1.0,独り言・独白,1.0
at://did:plc:scrthmppgnksgrrog6djnfik/app.bsky.feed.post/3m65czm3tis2a,"自分も作業通話苦手です～💦
喋ると手が止まるし作業すると集中して黙っちゃう…
どっちかしかできないです😅

完全個室で好きな音楽だけかけて
1人で没頭して黙々と手を動かさないと描けないタイプですね
しかも独り言が多い（怖）

むねきちさんはおしゃべり楽しいし
作業通話得意そうな印象だったんですが
意外でした…！😳",雑談,1.0,平穏,1.0,親しみを込めた,1.0
at://did:plc:4o5llqq3porgjvwif5eq64fk/app.bsky.feed.post/3m65czlxzgk2n,"なんだこれ
wwwwwwwww",ユーモア、ネタ,1.0,驚き,1.0,ユーモア・ネタ,1.0
at://did:plc:gzzn2jeskecdoom226j6cmjk/app.bsky.feed.post/3m65czlwrfc2p,ガンプラ「HG 1/144 白いガンダム」は12月6日発売！ BANDAI SPIRITS「2025年12月発売スケジュール」公開 - HOBBY Watch hobby.watch.impress.co.jp/docs/news/20...,模型、プラモデル、ラジコン,1.0,期待,1.0,客観的・分析的,1.0
at://did:plc:nmtdatlfc62auavablfco5dc/app.bsky.feed.post/3m65czlwim22k,わしさん引用ありがとうございます☺️,雑談,1.0,喜び,1.0,丁寧・中立,1.0
at://did:plc:ttzxwokvtrhhvkgew5j37uxh/app.bsky.feed.post/3m65czlu2i22s,お疲れ様です‪(꜆*ˊᵕˋ)꜆🍵,雑談,1.0,平穏,1.0,親しみを込めた,1.0
at://did:plc:woieou32ob7pd4byszeroxlz/app.bsky.feed.post/3m65czllpus2v,"朝は酒が飲めない
カス",お酒、ドリンク,1.0,嫌悪,1.0,独り言・独白,1.0
at://did:plc:ryo6xsjjq42hordep4cbww2w/app.bsky.feed.post/3m65czlcqrc2b,過去作でもランクマなんか数えるほどしかやったことないわ,ゲーム,1.0,平穏,1.0,独り言・独白,1.0
at://did:plc:wk2croi5bofomjdmmvhusg3m/app.bsky.feed.post/3m65czlb23c22,グッズ紹介うれしっ……,趣味,1.0,喜び,1.0,独り言・独白,1.0
at://did:plc:g3eizrzbzfchuox2fbvkpcpk/app.bsky.feed.post/3m65czl4sdk2m,BUMP OF CHICKEN「I」 youtu.be/xcqjxAXsbHU?... @YouTubeより,邦楽,1.0,平穏,1.0,丁寧・中立,1.0
at://did:plc:ozinhhzf5vsnjnrexao63csf/app.bsky.feed.post/3m65czkvezs2e,かわいい,雑談,1.0,喜び,1.0,独り言・独白,1.0
at://did:plc:d7nranzquf3vayh77hnbio3z/app.bsky.feed.post/3m65czktkgs2g,元素を肉球に転換します？？？？？？,ユーモア、ネタ,1.0,驚き,1.0,ユーモア・ネタ,1.0
at://did:plc:zwyb7mtim6dqdxbvupqijb6p/app.bsky.feed.post/3m65czkgz322r,今日はもう…気疲れでヨボヨボ　夕食後にいつの間にか寝落ちてた　今日来ると思ってた返信は来ず…頼むぞオイ,雑談,1.0,憂い,1.0,独り言・独白,1.0
at://did:plc:6bdgdrhnvpkmofkkf4rgup6m/app.bsky.feed.post/3m65czkhctk2v,病院の帰りカニ歩きみたいなかんじでひょこひょこローソンまでいった。かわいいよお…,雑談,1.0,喜び,1.0,独り言・独白,1.0
at://did:plc:36xlyzk3teujrrs7qtwzrsdi/app.bsky.feed.post/3m65czk6epc2v,"#パーシバルのお姉さん　
これくらいがリアルで好き😍",アニメ、コミック,1.0,喜び,1.0,情熱・熱狂,1.0
at://did:plc:6aafvhkxiifnubmamdohe7us/app.bsky.feed.post/3m65czk3rp22h,ここ数日頭が痛い,健康、病気、病院,1.0,憂い,1.0,独り言・独白,1.0
at://did:plc:oq3nyodcxcs7tx7fpl3f5exi/app.bsky.feed.post/3m65czk3mss22,“きなしとすしで敵をきる”,ユーモア、ネタ,1.0,興味,1.0,ユーモア・ネタ,1.0
at://did:plc:b64upirqenx3ab7gmaryrewy/app.bsky.feed.post/3m65czk3dzk2s,"すごい。追いついた。
追いついて、明日がラストバトルなんだ……、
すごいタイミングで最新話まで完走したかも。",アニメ、コミック,1.0,喜び,1.0,独り言・独白,1.0
at://did:plc:q7bnyqrnlkig3h4kyksm7rnu/app.bsky.feed.post/3m65czjxsqk2t,"【YouTube✨】

【あつ森猫化】スイーツ巡り🐈‍⬛☕🍩
youtube.com/shorts/fgbu9...

今回はあつ森の、シベリアくんとジュンくんとミッチェルくんを猫化させてイラスト描いてみました！🐈‍⬛✨✨

#あつ森　#あつまれどうぶつの森　#描いてみた　#イラスト　#お絵描き　#アナログイラスト",ゲーム,1.0,喜び,1.0,親しみを込めた,1.0
at://did:plc:erfpvvrclvkwtktynhtcmh3y/app.bsky.feed.post/3m65czjtts22s,"4Kで撮ってきたLiPPS新宿ジャックのやつ
youtu.be/yOtYyWQ2Cqk?...
#デレマス",アニメ、コミック,1.0,平穏,1.0,丁寧・中立,1.0
at://did:plc:inj4ry24qmba5iihmcgtgu4v/app.bsky.feed.post/3m65czjjetc2x,そろそろ動けそうな気がするので何とか頑張らねば,雑談,1.0,期待,1.0,独り言・独白,1.0
at://did:plc:xwpv6fotqletocy25l2rw7f5/app.bsky.feed.post/3m65czjiz4c23,また髪型アシメにしようかなと思うけどみずーきと被っちゃうんだよな,ヘアスタイル,1.0,動揺,1.0,独り言・独白,1.0
at://did:plc:temq2kzvejncavdl4yxpyibd/app.bsky.feed.post/3m65czjffus2k,"使ってるインターネットには告知を出した　boothが久しぶりすぎて、たぶん大丈夫だと思うんですが何か大ポカをやらかしていたら教えてください！！これは本当に！！
なお手数料の関係で会場頒布よりやや高くなっているのと、匿名配送の送料が別途かかります🙏",インターネットショッピング,1.0,心配,1.0,親しみを込めた,1.0
at://did:plc:zykkbewv4itr3efdhk64avbf/app.bsky.feed.post/3m65czjdlbs2n,La lagarta...Que fascista machista y misógino el comentario.,政治、社会問題,1.0,怒り,1.0,挑発的・攻撃的,1.0
at://did:plc:pzrbpevp756i2bvrc5oaqang/app.bsky.feed.post/3m65czjauek26,アサリの酒蒸しィ！,料理、レシピ,1.0,喜び,1.0,独り言・独白,1.0
at://did:plc:dghjxsi3gvr2z3k2iue7dgwj/app.bsky.feed.post/3m65czj5tos2c,あったかい雰囲気ですね(*´꒳`*)✨,雑談,1.0,喜び,1.0,親しみを込めた,1.0
at://did:plc:yozs6fbadspkmgyy4d7hcptk/app.bsky.feed.post/3m65czj3sb22e,嘆きの亡霊みたらアカギトライ,雑談,1.0,平穏,1.0,独り言・独白,1.0
at://did:plc:idz6sxg7s7f3p256ut2nm3yt/app.bsky.feed.post/3m65czizqtc23,剣持刀也さん歌ってくれてありがとう,芸能人,0.0,喜び,1.0,親しみを込めた,1.0
at://did:plc:frgthuy64jo4rqp2qqmbgvqd/app.bsky.feed.post/3m65cziywhk2a,おのりりって良くて〜〜〜〜〜〜,雑談,1.0,喜び,1.0,情熱・熱狂,1.0
at://did:plc:pwajjn4z7jiru6rdw3byfvg2/app.bsky.feed.post/3m65czivxqc2m,ユノハナ苦手なのに3連続来て😔,ゲーム,1.0,悲しみ,1.0,独り言・独白,1.0
at://did:plc:qx3muffrytjwgp7hicy3enjw/app.bsky.feed.post/3m65czip3z22r,満面の笑みから急にスンと真顔になるのは簡単なのに逆は難しいな,雑談,1.0,平穏,1.0,独り言・独白,1.0
at://did:plc:6y3kjn3mfcceqmse5cqtsch4/app.bsky.feed.post/3m65cziggo22n,（密林さんの千葉倉庫の在庫品とかだと下手すりゃ朝注文の夜受け取り出来る気がしたけど、そんな急がんでいいから、まじで）,インターネットショッピング,1.0,平穏,0.0,独り言・独白,1.0
at://did:plc:uogiqn5ke7cn7chpb4pwhdim/app.bsky.feed.post/3m65czi6mo224,評価かなり悪いみたいねー,雑談,1.0,平穏,0.0,独り言・独白,1.0
at://did:plc:z3bjeqyc72wzrlublyobw7ur/app.bsky.feed.post/3m65czhujgc25,エンジェルスノーしか聴いてない,音楽,1.0,喜び,1.0,独り言・独白,1.0
at://did:plc:3662yng2dozqwzoacq4uiw6v/app.bsky.feed.post/3m65czhtddk2x,クラシカルスリーピーススーツの美しき男性、たぶん私がこの世で最もセクシーに感じるもののひとつだと思うんだけども、でもそれはあくまでも「眺めていたい」だけで、実際にパートナーシップを構築する相手は基本女性がいいんだよな　でもフェミニンなものに魅力を感じないからレズビアンのコミュニティとかでも浮くんだよなあ……,恋愛相談、人間関係の悩み,1.0,憂い,1.0,独り言・独白,1.0
at://did:plc:jhaivbg5jp22ijwo7onmlvk4/app.bsky.feed.post/3m65czhtn422o,ラーメンの真ん中で遭難して力尽きてるラズちゃんの画像ください！,ユーモア、ネタ,1.0,喜び,1.0,ユーモア・ネタ,1.0
at://did:plc:mqx3cmxc7i52x2h2kmf5ebmi/app.bsky.feed.post/3m65czhskwc2c,数字のカウントダウンですよ（？）,ユーモア、ネタ,1.0,興味,1.0,ユーモア・ネタ,1.0
at://did:plc:cu2qmloz2gotfscc6iqdb4fq/app.bsky.feed.post/3m65czhrfss2y,🐾,ペット,1.0,喜び,1.0,独り言・独白,1.0
at://did:plc:ty6dz4ns7wssqsn5dzdz5rij/app.bsky.feed.post/3m65czhpic22y,思春期ってほら、基準がないから,生き方、人生相談,1.0,平穏,1.0,客観的・分析的,1.0
at://did:plc:trncx2qvcdvau4f6jnymnhkd/app.bsky.feed.post/3m65czhikmc27,大抵浮かぶストーリーやゲームデザインとか日本を舞台にしたものばかりで、海外旅行もしたことがないのでこのままじゃ想像ですら日本から出られない気がして怖い、という理由で海外旅行計画しそう,海外生活,1.0,恐れ,1.0,独り言・独白,1.0
at://did:plc:2lhekjiheh2vrghdwmnoolya/app.bsky.feed.post/3m65czhceek2s,カローンさん、必殺技でお花咲くの好きすぎるので私も育てていきます....ウルリッヒさんも一緒に育てているため、当分周回が捗ることと思います((モチベ爆上がりで嬉しい....!!)),ゲーム,1.0,喜び,1.0,情熱・熱狂,1.0
at://did:plc:aoi7fn2cvesfhtri4cc2lqzw/app.bsky.feed.post/3m65czhbjys2d,ロレのこと「わたしの赤い鳥」て呼ぶベニ,アニメ、コミック,1.0,興味,1.0,独り言・独白,1.0
at://did:plc:mzqvvc4l7sosllx5zv7cqevt/app.bsky.feed.post/3m65czhajrk2b,今日はハズビンを全部みた。そして風呂に入りながら短い漫画を年明けにもう一本描きたいと思った,アニメ、コミック,1.0,喜び,1.0,独り言・独白,1.0
at://did:plc:nccijfyqvevro5rra53y3yyf/app.bsky.feed.post/3m65czh6v222v,最高のシメ🍰,菓子、スイーツ,1.0,喜び,1.0,独り言・独白,1.0
at://did:plc:ym262nxdpyypmzkfkzradf2j/app.bsky.feed.post/3m65czgxugk2e,ただやっぱりBBB鑑賞後のような雷に打たれたみたいな衝撃はなくて、ものすっごく良いショーだったものの、BBB程のあの何もかもを超越している感じはなかったな...席立てないくらい呆然とするレベルの感動ではなかったな...って思った(ただのBBBド贔屓オタク),演劇、ミュージカル,1.0,動揺,1.0,独り言・独白,1.0
at://did:plc:aqfduefxgk2saqzmuq5daafm/app.bsky.feed.post/3m65cz7w6xc2p,ツイッター、また調子悪い気がする、不安だ〜〜,X（旧Twitter）,1.0,心配,1.0,独り言・独白,1.0
at://did:plc:dfxby75n3e5vwiecofkdnoos/app.bsky.feed.post/3m65czguqt22a,"寝てる間にスマホいじって変なことになってるの定期的にある

前は芋羊羹の画像を保存してた",スマートフォン,1.0,平穏,1.0,ユーモア・ネタ,1.0
at://did:plc:nucvp5qvif6l756alolvlpxe/app.bsky.feed.post/3m65czgpvkc25,何も考えずにこの時間に食べる！,料理、レシピ,1.0,喜び,1.0,独り言・独白,1.0
at://did:plc:ks2rf7q3ghqkm636ufdbhkzr/app.bsky.feed.post/3m65czghd522o,ノ,雑談,1.0,平穏,1.0,独り言・独白,1.0
at://did:plc:vloo4ls65646a5ryeutrd7di/app.bsky.feed.post/3m65czgen722y,肉球,ペット,1.0,喜び,1.0,独り言・独白,1.0
at://did:plc:x7r5smrmj43p5refjvxd4k5g/app.bsky.feed.post/3m65czgdbas2v,"【本日の出勤情報】
只今のご案内状況：△残りわずか

★中城由佳　完売
★玉森ノア　完売
★姫川ナナ　22:00~
★酒井萌香　完売

estama.jp/shop/29950/r...

#メンズエステ #エステ魂
 via 
@estama_jp",エステ、脱毛,0.0,平穏,1.0,客観的・分析的,1.0
at://did:plc:qqlyohbza675keaeokmcnqml/app.bsky.feed.post/3m65hsryqdc2o,"直弼になっちゃったな。

個人的には直政のほうが好きです",歴史,1.0,平穏,0.0,独り言・独白,1.0
at://did:plc:yqobikzdmkksloodjln66jk6/app.bsky.feed.post/3m65hsrjlxc2x,「待てる人」でありたいと思う。,生き方、人生相談,1.0,期待,1.0,独り言・独白,1.0
at://did:plc:rtsgogb36kzua2piho4mj7co/app.bsky.feed.post/3m65hsr77wc2r,"tmさんとzzさん１ヶ月に１回🌳🟫🪓脱出やって欲しい
面白いし2人のコラボ好き",雑談,1.0,喜び,0.0,情熱・熱狂,1.0
at://did:plc:opvubrs6kabqvhlyefak3ilf/app.bsky.feed.post/3m65hspos4k2j,が、いかんせん今の私が若様の素晴らしさをトートロジーで語り続けて話を前に進められないドラコニアンになっているから……,雑談,1.0,憂い,1.0,独り言・独白,1.0
at://did:plc:ekyl6vqeaddiufdm6tipy3k5/app.bsky.feed.post/3m65hsoyux22s,なにも考えなくても生活できるようにする できるだけ生活について脳みそをつかわない ように ルーティンを強固にする のがいいたぶん そんな気力ねえなー,家事,1.0,憂い,1.0,独り言・独白,1.0
at://did:plc:ofcqzwhk5jvz2gcvxpqkowpn/app.bsky.feed.post/3m65hsnl6zs2a,"アカウント分けたので、このアカウントであのネタについてはどんなこと言ってたっけ〜と、ここ1年くらいの投稿を見直してたんだけども。

全投稿の9割くらいは苦言を呈してるか、怒ってるか、呆れてた。
（あらゆるネタについて）

なんかお疲れだったね、自分…ってなってしまったわ😞

20240712 17:48",雑談,1.0,悲しみ,1.0,独り言・独白,1.0
at://did:plc:rzzyrvisggdy63z3z3dwobao/app.bsky.feed.post/3m65hsqbze72v,"枕営業を強要する最低な社長… #ショートドラマ #証券女王 #会社 #パワハラ #社長 #思い出

https://www.magmoe.com/2674379/entertainment/2025-11-21/

枕営業を強要する最低な社長… #ショートドラマ #証券女王 #会社 #パワハラ #社長 #思い出 大手証券会社「鷲田証券」に勤める理子は、新社長・鷲田に理不尽に解雇されてしまう。実は会社の核を担うシステム「NOIR CL [...]",ドラマ,1.0,怒り,1.0,挑発的・攻撃的,0.0
at://did:plc:efayn23ns2y7azft2xywqnkp/app.bsky.feed.post/3m65hsmu6pc25,"前半のぶっ飛び研究エピソードも面白かったけど、後半の、世界を広げようと頑張っているお話もとても良かった。
外に出て、鳥の声を聞きたくなる本でした",読書,1.0,喜び,1.0,丁寧・中立,1.0
at://did:plc:x75skz7l2wyd5gmh2iihdts3/app.bsky.feed.post/3m65hsmhkfs26,"肖战主演😉見放題に登場！

「春を待ちわびて～The sea in the dream～」を ＃U-NEXT で視聴
 video-share.unext.jp/video/title/...",アジア・韓国ドラマ,1.0,喜び,1.0,親しみを込めた,1.0
at://did:plc:uskoqjpp5iji5ixj7zuo4hpu/app.bsky.feed.post/3m65hsmeomc2n,"Kabbu, Vi, and Leif’s adventure is reaching even more players! Bug Fables will add Simplified and Traditional Chinese support early next year! 🥳

Metacritic高分回合制冒險 RPG《蟲蟲寓言：永恆之樹苗》將於2026年1月推出中文版，登陸平台包括PC、Nintendo Switch™ 與 PlayStation®4。

跟著碧、卡布和利弗一起揭開布加利亞大陸的秘密！探索並結合團隊的能力，解開謎題，擊敗強大的敵人，尋找古代寶藏！",ゲーム,1.0,喜び,1.0,丁寧・中立,1.0
at://did:plc:5ubbbd5234ukizxuyow5svci/app.bsky.feed.post/3m65hsly5ak2s,"#WorldofHyatt #BeMoreHere #YutaKishi
www.instagram.com/captionbyhya...",芸能人,1.0,平穏,1.0,丁寧・中立,1.0
at://did:plc:vkqskixbktyyragwy5teutov/app.bsky.feed.post/3m65hslxuhc27,私ド最初にびっくりしてパブサしてたんだけどよくネタバレ踏まなかったな！？ってなってる。騙されたーーー👏👏👏👏,雑談,1.0,驚き,1.0,独り言・独白,1.0
at://did:plc:zp24q5b4libn5lc5umuzdxrk/app.bsky.feed.post/3m65hslstd22t,"lz様のこの話が聞きたかった！
人はどこまでいっても孤独
最初に出た単語が扶養控除なのとてもlzを感じた",雑談,1.0,喜び,1.0,親しみを込めた,1.0
at://did:plc:56xvdzv4elidhkhyt24j2cys/app.bsky.feed.post/3m65hslbyb22q,"抜歯後27日目
痛みなし腫れなし

抜歯後の跡、上は舌で触った感じほぼ埋まってる。下はまだ穴空いてるけど範囲が徐々に狭まってきてる。良き良き",健康、病気、病院,1.0,平穏,1.0,独り言・独白,1.0
at://did:plc:j6brcqenvb272my2yslbw6x4/app.bsky.feed.post/3m65hskmpls2r,"カイさん
こんばんは🌛✧˖°
今日もお疲れ様でした(੭ˊ꒳​ˋ)੭☕𓈒𓏸

おやすみなさい(*˘ ˘*)🌙｡:
よい週末を.ᐟ.ᐟ",雑談,1.0,信頼,1.0,親しみを込めた,1.0
at://did:plc:opse2me6xbickojmptdy5jzm/app.bsky.feed.post/3m65hsjbonc2n,"私が耐えられる人数（自分を除く）：
1人：少し疲れるけど良い
2人：ちょうどいい
3人：死ぬ
4人：死ぬ
5人：死ぬ
…
N人：どうか世界が終わってくれ",恋愛相談、人間関係の悩み,1.0,悲痛,1.0,ユーモア・ネタ,1.0
at://did:plc:zzqvkefjgnjg6h3akiehit3s/app.bsky.feed.post/3m65hsirqus2d,明日のことを考えると寝たいんだけど、好きなゲーム実況者さんが配信してるから寝にくい……ちょっと賛否両論？あるゲームをやってるのも心配だ……,ゲーム,1.0,心配,1.0,独り言・独白,1.0
at://did:plc:xnuldme22ammfpar7kfgjili/app.bsky.feed.post/3m65hshzkhk2k,則宗さんが載ってる図録を入手してないからなんとも……なところはあるけど、袴だと思ってたのに孫六さんも袴風なんだね。,アニメ、コミック,1.0,興味,1.0,独り言・独白,1.0
at://did:plc:caiadljni2ywzngpwoj6itna/app.bsky.feed.post/3m65hshuxy22l,ダメでした！スマホ版は正常なのでメッセージはこっちで見るしかないね。しばらく経ってもダメならサポ問い合わせしてみよう。,インターネットサービス,1.0,憂い,1.0,独り言・独白,1.0
at://did:plc:acnqhvg2iq4acsgwotqo2oxd/app.bsky.feed.post/3m65hshqejc2r,"アル「おたくさぁ、15歳相手に躊躇いとかないの？」
陛下「15歳は子供でもあるまい」
アル「大人でもないでしょーが」
陛下「……だったら、貴様にも同じ言葉を返そうか」
アル「…………。（←陛下より先に手だしてたクズ）」

何だかんだ言って、陛下はアルには嫉妬してる所もある。",アニメ、コミック,1.0,興味,1.0,ユーモア・ネタ,1.0
at://did:plc:a5cr676ax47yofn3ifnclg44/app.bsky.feed.post/3m65hshglzc2k,おれは船なんか手に入れたら敵の強さを無視していろんなところに行かなきゃ気が済まないたちなんですけどドラクエ1の街がまんまあってﾋｮｱｱｱｱガライの町あるじゃんんんんんんんん,ドラゴンクエスト,1.0,喜び,1.0,情熱・熱狂,1.0
at://did:plc:4ow2dylweh7543rebqreagun/app.bsky.feed.post/3m65hshapk223,"竜とそばかすの姫、正直なところTVで放映しないほうがいいまである。
これ見て鵜呑みにする子いるだろ。
子供を一人で向かわせて解決していい問題じゃないんよ。
大人に仕事させろ。",アニメ,1.0,怒り,1.0,教訓的・啓発的,1.0
at://did:plc:cxdl5vjiczkcp3jildgns5id/app.bsky.feed.post/3m65hsgk7ss2x,この間買ってきたみかん、大きい分大味というか甘さが足りなくてウ〜…となってたんだけど、今日買った、小ぶりでパンッと張りがあるタイプ、めちゃ甘くて濃くて【優勝】,菓子、スイーツ,1.0,喜び,1.0,独り言・独白,1.0
at://did:plc:djabdaidw2qjocmlzar6cehg/app.bsky.feed.post/3m65hsg2czk2g,お前の口の形では一生通用しないから今すぐここで直せと、私がしっかり違いを理解できるまでめちゃくちゃお手本見せながら教えてくれた現地の先生ほんまに大感謝している、あそこで細かい発音の違いを叩き込まれなかったら一生違い分からずにいただろうなと思う,言葉、語学,1.0,信頼,1.0,独り言・独白,1.0
at://did:plc:2pztpz6drnyv7tk5bpgpkd5v/app.bsky.feed.post/3m65hsf4jvk2q,"とちもち‪🐹にミカンを小さく切り分け、手から与えたがるが逃げられ、餌入れに入れ、とちもち‪🐹に取らせた

初ミカン🍊

｢すっぺ～｣という顔をしていた

｢おいしい？😊｣と声がけをしていたが、少し残して目の前で捨てられしおり",げっ歯類、ウサギ,1.0,悲しみ,0.0,親しみを込めた,1.0
at://did:plc:5v2bxf4bsb52m6jtarucx2gq/app.bsky.feed.post/3m65hsf4hx227,復刻シロネンだーーーーーーー😂どうしよ…引かねば…でもコロンビーナ…アリス…いつ来るんですか…どうしよ,ゲーム,1.0,動揺,1.0,情熱・熱狂,1.0
at://did:plc:2v4cdp77snnzyixivunxkbfm/app.bsky.feed.post/3m65hserp7s24,"パンデモニウム城聴いてみました。
音楽のことには疎いので、率直に聴いた感想では『嵐の前触れ』『開戦前のファンファーレ』というニュアンスに近い感じがしました。
戦いの最中ではなく、これから苦難に挑むヒーローに宛てる曲調だと私は思いましたね。そういう意味ではこれを聴いている間は常に精神の高揚を誘えるかもしれませんね笑",音楽,1.0,興味,1.0,客観的・分析的,1.0
at://did:plc:zyr5js6u2xnvaznttgjqeq3p/app.bsky.feed.post/3m65hsdibzk2i,自分の環境だとFL20でBPMのオートメーション書くとクソほど重くなるしやはり最新版を使えということなのか（最近20にしたばっかなのに）,DTM,1.0,煩さ,1.0,独り言・独白,1.0
at://did:plc:7rdmoljgrq3br6nxgorhrjmq/app.bsky.feed.post/3m65hsdbux22b,"🐊先生の描き下ろし、猗窩座が良かっただ狛治や義勇さん＆炭治郎だと思ったとか色々言われていて悲しい
第一章は猗窩座再来ではあるけど作者描き下ろしに鬼サイドはないと思うし、狛治は一応まだ未視聴の人からしたら誰？な訳で、私も猗窩座はかなり好きだけどここは命を賭けたしのぶさんが適任であると思うし、そもそも先生が選んで描いたキャラに色々難癖つけるのどうかと思う
好き嫌いで公式発表に物申すポストがやたらTLに流れてくるからしんどい
私はしのぶさんも大好きなので先生の新規絵で見れてとても嬉しい♡",コミック,1.0,悲しみ,1.0,情熱・熱狂,1.0
at://did:plc:et5y5t6wxyt3kffu5z3642g5/app.bsky.feed.post/3m65hsd6hl224,薬飲んだりする程の体調の悪さでもないのでどうしたものかなあという感じ そもそも常備薬が全くないので薬飲もうにも飲めないんだけど…,健康、病気、病院,1.0,憂い,1.0,独り言・独白,1.0
at://did:plc:7pd542vtxbblyyanckq7yyhp/app.bsky.feed.post/3m65hsclh6c2t,"【ミセスの子守唄】
⭐只今のセラピスト空き状況♪⭐

🌼 志保（しほ）
優れた技術とホスピタリティでリピート率上位💆‍♂️
🕔ご案内：すぐ〜ラスト枠

完全個室・ゆったりとした空間でお迎えします。
📩 ご予約はLINE・お電話にて。

#メンズエステ大阪 #メンエス #堺筋本町 #堺東 #新大阪",エステ、脱毛,0.0,平穏,1.0,丁寧・中立,0.0
at://did:plc:mbqd4yeggoftjcotr66xc43y/app.bsky.feed.post/3m65hsc26gs2t,仕事がダメダメでめちゃ凹みマンだけど、ゲストがいい人達だったおかげで救われた……帰ったら予告番組の情報確認しよう。,職場の悩み,1.0,平穏,1.0,独り言・独白,1.0
at://did:plc:eqppv56h5nkgvbhg52ua5hqn/app.bsky.feed.post/3m65hsbqhvc27,"寝室で便利に使ってるハンディクリーナー同じものを洗面所とリビングにも買った
これで隙間時間にちょい掃除が捗る
隙間時間しか存在しないからまともな掃除ができてない",掃除,1.0,喜び,1.0,独り言・独白,1.0
at://did:plc:2wtow6gxxq4v7konrpc4epsj/app.bsky.feed.post/3m65hsbpuec2v,夏、快晴、足をあらう用に水を貯めたタンク、海の街に近付くにつれ瓦屋根の家が見える、音楽はサザン、途中のスーパーで昼食を買って、青空、透き通った海、泳いで、海の家でお昼ご飯、また泳いで、夕方の日が暮れる直前、親のもう帰るよーの声、もうすこしーと私たち姉弟、冷たいシャワーで砂を落として、帰りは暖かいラーメンを食べて、車の中で寝落ち。もどりたいこのときに、,観光地、行楽地,1.0,悲痛,0.0,独り言・独白,1.0
at://did:plc:wpnh3yepcenbdlabdx4qtala/app.bsky.feed.post/3m65hsau6mk2o,清凝ちゃんがせっかく老君の隣に並んでも違和感のない年齢で固定してる(妄想)のに小さくなっちゃってまぁ…,アニメ、コミック,1.0,憂い,1.0,独り言・独白,1.0
at://did:plc:jf5je35tsjfoosslcreyckn5/app.bsky.feed.post/3m65hsaavgk2l,"噛み砕かれたヴィニとはえらい違いですね…😌
カズィローグも、他者のために動ける優しい子でした…(´；ω；｀)
わんこたちは最期まで寄り添っていたと思います…😢",雑談,1.0,悲しみ,1.0,共感的・寄り添う,1.0
at://did:plc:g3eizrzbzfchuox2fbvkpcpk/app.bsky.feed.post/3m65hs6jf2s2m,三月のパンタシア『あまのじゃくヒーロー』 youtu.be/L1i4JiU28Y8?... @YouTubeより,邦楽,1.0,平穏,1.0,丁寧・中立,1.0
at://did:plc:3424hcxui6eushcw5rhjyajf/app.bsky.feed.post/3m65hs67bt22c,美容液迷子だよおれは…。リジュラン確かにええ気はする。けどセラムシールドリピしてもええなと思うし、無くなりそうなかにみそスティックをリピしたいし、クレドの下地に手を出したいと思ったらなかなか他の美容液に手が伸びません。,スキンケア,1.0,憂い,1.0,独り言・独白,1.0
at://did:plc:h5fiiixyzkofeefgklijbsko/app.bsky.feed.post/3m65hs62z422h,電気毛布をダニ退治モードにして体を過剰に温めて、限界で布団はいで極寒の部屋で整えるのにハマってるけど、絶対に体に悪いと思う。けど気持ちいいんだよ。サウナみたいで。,健康、病気、病院,0.0,喜び,1.0,独り言・独白,1.0
at://did:plc:f4og3hwtl6iyss3wd5tiruww/app.bsky.feed.post/3m65hs5s5vk26,ヒョナみたいに外の世界との関わりがある程度あると他に比べたら年相応に見えるな　そういうのも含めてルカの年齢と精神の釣り合わなさは酷い　酷い環境,アニメ、コミック,1.0,嫌悪,1.0,冷淡・突き放す,1.0
at://did:plc:luyzlpctsi6ijgoxvsx7heqt/app.bsky.feed.post/3m65hs4qaws2q,"瀧くん真面目だから……ちょっと言いにくいよね…😭ましてや教師を志してるなら猶更…ｗｗｗ
確かにそうだｗｗｗでも連れていかれるのも可愛い男性二人なんだよな…😊世の中って不条理ね…

いいってことよ…😚",雑談,1.0,容認,1.0,親しみを込めた,1.0
at://did:plc:abeiy4nfaamkqzrtvuuknbsf/app.bsky.feed.post/3m65hs45r5c2o,泊まり仕事が終わり帰宅からの『イクサガミ』3話、すごい色々と混ざってる『あずみ』やコンチネンタルや『幽白』のBBCまでてんこ盛りだ。兄弟剣があっさり退場したのが勿体無い。,アニメ、コミック,1.0,驚き,1.0,独り言・独白,1.0
at://did:plc:cpgwrn2py35la55qashlu65h/app.bsky.feed.post/3m65hs3o36s2g,"「男としては異常に長いまつ毛が、ときに動くのが、桂の唯一の表情だった。」
この文読んで冷静でいられると思うか",文学、古典,1.0,驚嘆,1.0,情熱・熱狂,0.0
at://did:plc:tyo5amhamovq43mpjzu5oqfn/app.bsky.feed.post/3m65hs3ksp22j,お風呂後に腹痛になるのは冷えかが原因だと思ってたけど、ヒリヒリで検索したら胃酸過多になるせいだって出てきて今これなのかなあって思った おなかいたい,病気、症状,1.0,憂い,1.0,独り言・独白,1.0
at://did:plc:u5fvh5qhrks3hyqif4cx7azm/app.bsky.feed.post/3m65hs2udx226,"中華丼が食べたい……🥺でも白米がそんなに無い……😱💥なら豆腐をそえてしまおう丼😏(笑)
・たこわさび
・昨日に引き続きのご登場です🙇大根のお漬物😋

#青空ごはん部
#自炊班",レシピ,1.0,喜び,1.0,ユーモア・ネタ,1.0
at://did:plc:njsyfqlyvi5jqtvk665csf2f/app.bsky.feed.post/3m65hs27ixc26,"3-1,「秘密の感情」

これは、知ってはいけない感情です。

この感情を他者に適切に伝えると伝播し、思考や行動が共有されます。",哲学、倫理,1.0,警戒,1.0,教訓的・啓発的,1.0
at://did:plc:wygcw6as3jespwj23cwuzstl/app.bsky.feed.post/3m65hrztqy226,It was only a matter of time. Home grown ones cannot get proper training jobs either. Deliberate ministerial created chaos.,政治、社会問題,1.0,怒り,0.0,挑発的・攻撃的,0.0
at://did:plc:ebs53ortld3olsuztrl44neg/app.bsky.feed.post/3m65hrykfqc2p,陣痛始まった頃に陣痛滝さんとか下痢柱とか言ってたの思い出して自分のホーム見て1人でウケてたんだけどこれ見て猛烈に3歳児に会いたくなった,妊娠、出産,1.0,喜び,1.0,ユーモア・ネタ,1.0
at://did:plc:bb27azxzeww52bvupc6ix3oo/app.bsky.feed.post/3m65hrzveej27,"鐘のシナリオって
目的があって、目的を果たすためのおつかいがあって、そのおつかいを果たすためのおつかいが…みたいな構造が折り返しに入ってからの畳み方が気持ちよすぎて脳汁
しかもその折り返し地点がラスボス討伐に必須の剣入手ってのが美しいですよね
カザンオールスターズあたりでギャグの密度とテンション感が上がりに上がりまくって収集つかないカオスの印象なのも好きなんすよね",ゲーム,1.0,恍惚,1.0,情熱・熱狂,1.0
at://did:plc:shufj7ap2twjsyk7ysmec42q/app.bsky.feed.post/3m65hrxo7fc2b,推しcpの記念日は神作品で溢れるから嬉しい。人の誕生日とかも覚えるの苦手だから皆さんが盛り上がってるの見て、そういえばそうだ！めでたい！って後から知る。,アニメ、コミック,1.0,喜び,1.0,独り言・独白,1.0
at://did:plc:o4gq4whkzqqbiqmmacpwebrx/app.bsky.feed.post/3m65hvgyaqk2m,"呪術廻戦、死滅回游前って結構精神的にくるよな…って分かってたけど、案の定だった………でもどうしても映画が観たかったんです…
やっぱり音と声の力って偉大だ。
漫画でもまぁまぁしんどかったのに、映像になるともっとダメだ。生きて動いてるリアルさが増すからなのかな…",アニメ,1.0,悲しみ,1.0,独り言・独白,1.0
at://did:plc:o5drzjp4hwvmsup6bcida5tn/app.bsky.feed.post/3m65hvfadok24,"頭足手は大きいのにそれに対して胴腕脚めっちゃスレンダーで長くて細すぎるデフォルメ絵好きなんだよね、
わかる？",絵画,1.0,興味,1.0,親しみを込めた,1.0
at://did:plc:mhtwa42bn6ssf3p7vebszypl/app.bsky.feed.post/3m65hvf2ozc2d,"知らない中華系の人からチャット申請が来ていて、どんな人だろうとホームを見に行ったら私の投稿した写真をダウンロードして、それにコメントをつけて自分の投稿としている人だった。
中華系のネットルールではこうしたことはOKなのかもしれないけれど、そうした人にまったく悪びれることなく話かけられて、びっくりして即ブロックしてしまった。",インターネットサービス,1.0,嫌悪,1.0,丁寧・中立,1.0
at://did:plc:5r3ocosw524vzal4hafl5r7i/app.bsky.feed.post/3m65hvesn7c26,"息子東京で池袋のDiceという世界最大級のネカフェに行き、赤坂のサウナ東京で汗を流したそう。変な旅行。あと皇居や国会議事堂や上野の西洋美術館にも行ったそう。東京何度目かやからな。新宿や渋谷や浅草はひと通り行ってるみたいで
ディープな飲み屋でホッピー飲むのかと思ったけど中華料理店で紹興酒飲んでたそう
なんせ喜んで帰ってきましたよ、よかった",国内,1.0,喜び,1.0,親しみを込めた,1.0
at://did:plc:nc6gl3nutnr3o65cpjqmdhi6/app.bsky.feed.post/3m65hve6btk24,"魔導全員やるんだろうか？

星5
○ウェンティ○モナ
○アルベド○クレー
ジン
ディルック
エウルア

星4
○スクロース○フィッシュル○レザー
アンバー ガイア リサ
ベネット ロサリア バーバラ
ノエル ディオナ
（ミカ）（ダリア）",オンラインゲーム,1.0,興味,1.0,独り言・独白,0.0
at://did:plc:3wvfptarymzxhfhtr3l3dnau/app.bsky.feed.post/3m65hvdr2yc25,札幌がミュンヘンと姉妹都市でかなり昔からクリスマス市を豪勢にやっていたおかげで、クリスマスマーケットに行きたーいみたいな願望は満たされているのいい人生だなと今日ふと思いました,年中行事,1.0,喜び,1.0,独り言・独白,1.0
at://did:plc:2xeh6lueda7hkkncvcx2jgca/app.bsky.feed.post/3m65hvd37rc23,"ゴリゴリ武闘家かもしれない、ぶん刺さり散らかしてワロてる
youtube.com/shorts/ts6Md...",YouTube,1.0,喜び,1.0,ユーモア・ネタ,1.0
at://did:plc:nf547jq3ibsxfk3dntlux25w/app.bsky.feed.post/3m65hvcq7a22y,"頭部にチャームポイントらしいチャームポイントが無い。
ディテール細かすぎてごちゃごちゃしてる。
お目々は瞳有りで顔の色は青。
腕と腿がほっそい。
おっぱいは大きい。

全体的にデザインが斜め上過ぎて難しいぜ⋯絶対に描いて糧にする。",絵画,1.0,期待,0.0,情熱・熱狂,1.0
at://did:plc:wevygpwghjghu3ywhtcdie4i/app.bsky.feed.post/3m65hvckkks2t,"つぎのサークルの目玉企画を担当することになって、後輩君と酒飲みながら企画作成してきた
まさか完成するとは思ってなかった",趣味,1.0,喜び,1.0,親しみを込めた,1.0
at://did:plc:tpiga2yxnhpg7sd5e7eztqwh/app.bsky.feed.post/3m65hvc644s2k,"うわ、どうしよう、めちゃくちゃ人王ゲーティア描きたくなってきた
全部のコミケ作業が水曜とかに終わればわんちゃんだ",同人誌、コミケ,1.0,期待,1.0,独り言・独白,1.0
at://did:plc:a5cr676ax47yofn3ifnclg44/app.bsky.feed.post/3m65hvbwylk2k,どこかで「はるか東に勇者様が冒険したという街が… 」みたいなこと言うNPC居てﾌｰﾝて思ってたけど「まんま」あるじゃん！！！？？そんな遠くねぇやん！！？？！！？！メダパニくらってる,テレビゲーム全般,1.0,驚き,1.0,独り言・独白,1.0
at://did:plc:hyjf35gnjblya7qi2v4qksyl/app.bsky.feed.post/3m65hvbcmak2w,本編には全然出てこなくてもそれ以外にこうやってちょこちょこ顔出しあるからずっといる気がするし定期的に喜びを届けてくれるの本当に幸せだ 推しの過去の好きポイントで延々擦れるからちょっとした供給ですぐ幸福度カンスト超えて宇宙に飛び出してしまう この喜びは昼は暖かな陽光のように夜は尽きる事のない流星雨のように降り注ぐだろう,アニメ、コミック,1.0,喜び,1.0,情熱・熱狂,1.0
at://did:plc:ugyrvfp7ujottdfnqthg34vp/app.bsky.feed.post/3m65hvba73s2p,"通夜でお経を聴きながら、ハーディガーディのドローン弦と同じ音だからお経の句自体はローラのストロークであってベースサウンドとしてなっているわけで、発声はホーミーに近いところもあるから文化的にはアジア地域で幅広い意味合いがあって宗教的な意味合いでの発生方があるのかとも思うしお経の内容で不可思議ってフレーズ多いから経の中でパターンを探してみよう

ってなる人間なので基本的に思考は止められない",宗教,1.0,興味,1.0,独り言・独白,1.0
at://did:plc:36ids2xa3dj2ok7o7tdjtef7/app.bsky.feed.post/3m65hvai3mc2y,"形式別再構築編、１９９８年６月首都圏編、ニコンで八王子にて４カットです。
#私とニコンで見た世界 
#F90",フィルムカメラ,1.0,平穏,1.0,丁寧・中立,1.0
at://did:plc:5a7atuogwadjvn4ufz5yr7s7/app.bsky.feed.post/3m65hnxvhnw2j,"【もっと聴ける！70～90年代邦楽】
☆Premium users only☆
No.1120：♪#チョット (Live Version ) /#大黒摩季
プレミアムアカウント @70-90-premium.bsky.social で、この楽曲を鑑賞することができます ＼ (^o^ )／
twitter.com/70_90_Premium/status/19620490...",邦楽,1.0,喜び,1.0,親しみを込めた,1.0
at://did:plc:mr22b466fh7yupvckzfkk23t/app.bsky.feed.post/3m65hv7qet223,"なんかねー担当者曰くメール届いてたらしいんだよ　全然記憶にないけど　だからあなたの落ち度ですねこっちはちゃんとしましたよね？みたいな感じで腹立たしかった（笑）
悔しかったから来年の期日前にリマインダーかけておいたよ！これで来年はきっと大丈夫！（笑）
そうそう　買い切り版のやつも持ってたからそっちに戻そうとしたんだけど　買い切り版はいつの間にか勝手に使えなくされてて　今後使いたかったらサブスク版に課金しないといけないけどそれでもお前ら使うだろwってなめた感じがなんかもー色々Adobeサマすぎる😂",ソフトウェア,1.0,怒り,1.0,皮肉・当てこすり,1.0
at://did:plc:fiy2vigwwggflqpllw57jso3/app.bsky.feed.post/3m65hv7h3x22n,復讐ものじゃないけど女主人公の映画で見てよかった〜ってなったのだとアーガイルはよかった。娘が見ることを想定して作るって時に脱臭がすごい綺麗にできる監督なのが意外だったし、面白さはちゃんと残っていた。キングスマンで良いじゃないかと言われるだろうが、キャプテンマーベル同様に捻らない真っ白な王道を女が選べること自体が快挙なんだよね現代はまだまだ,外国映画,1.0,喜び,1.0,丁寧・中立,1.0
at://did:plc:kr2mmzez65z32ujjm4nab2ic/app.bsky.feed.post/3m65hv74nxk2m,"マイリトルパピーすぎるの配信で面白かったら買おうと思って見始めたけど
やっぱりちょっと合わないかも…😞
すべての犬好きにおすすめ！なんてとても言えん　犬好きほど勧められない",ゲーム,1.0,憂い,1.0,独り言・独白,1.0
at://did:plc:t2znumvisexte77ujq5awlvt/app.bsky.feed.post/3m65hv6qp5k25,あんずちゃん風雲編（傑作！！）収録のフィジカル単行本が遂に出た〜〜　カラーになったカニゴンが思った以上に赤くてカッコいい,コミック,1.0,喜び,1.0,情熱・熱狂,1.0
at://did:plc:f5m25ijjtgsyhm2d5kct2oyf/app.bsky.feed.post/3m65hv6b26c2k,"明治村の紅葉きれい！
#vivoX300Pro #shotonvivo #ZEISS #キリトリセカイ #写真好きな人とつながりたい #Photography #ブルスカ写真部",観光地、行楽地,1.0,感嘆,1.0,親しみを込めた,1.0
at://did:plc:kb6lbs6gc7vsmugmdw6empgn/app.bsky.feed.post/3m65hv66j4k2t,"龍が如くもかなりヤクザを美化してんなーとは思うものの、所詮はヤクザ、みたいなちょっと引いた視点もあるし、スタッフも多少は美化してる自覚はありそうなんだよね。
龍が如くのヤクザ達は、自身がクズであることに自覚的だからね。
カラスバに関しては、あいつ本気で「自分が陰でミアレ守ってるんや！」とか思ってそうだし、ヤクザ的な怖い面はあるけどお茶目で可愛いいい人なんですよ！ってスタッフが描きたい感じが強すぎて無理…ってなる。",テレビゲーム全般,1.0,嫌悪,1.0,独り言・独白,1.0
at://did:plc:lhu7db6qvzz3psd2e5ekccrg/app.bsky.feed.post/3m65hv5kdmc2w,"私、人の事なんてどうでも良いと常に思ってるんですが…
今日は目の前で倒れていた50代ぐらいの男性を見つけてしまい思わず救急車呼んじゃいましたね…どうでもよいのに…なぜ…
でも、何人も通りがかった人が肩を貸したり気道を確保したりと世の中意外と優しいなって思いました。",雑談,1.0,驚き,1.0,独り言・独白,1.0
at://did:plc:7y4smwkjzocnsqwxdqbdbtnd/app.bsky.feed.post/3m65hv4rwec2h,双六島なんとか犠牲を出さずクリアして帰ってきた天くんが他参加者たちから「あまらぎくん、あまらぎくん」って頼りにされてるの見て「はー！？俺(私)たちのリーダーだが！？」ってなる西鬼ちゃんがいたらかわいいな,アニメ、コミック,1.0,喜び,1.0,情熱・熱狂,1.0
at://did:plc:57u7qd4p72qhfgyg5atmvwml/app.bsky.feed.post/3m65hv4o2dk2i,まさかの野のストーリーでビックリした！あのノンデリ野郎の若かりし頃も出てきそうだけど、ノンデリ野郎はいつ先生になったんだ？！でも野に焦点当たった話で大が出ないのはおかしいもんね！楽しみだねぇぇぇ🤭,アニメ、コミック,1.0,期待,1.0,情熱・熱狂,1.0
at://did:plc:sfrrnj3a742mhy2vqcmucoe7/app.bsky.feed.post/3m65hv3osdk2v,"私はミミさんが時折ぽろりとこぼす寂しさの影ような言葉がたまらなく好きです。1500年？くらい生きてても素直な感性っていいな…
あと革命メンツ周辺は機転が利きすぎる。あの時代にどんな戦略使ってきたんだ君たちは。",アニメ、コミック,1.0,喜び,1.0,情熱・熱狂,1.0
at://did:plc:fatzd7fxd74l5aiw37amjbxx/app.bsky.feed.post/3m65hv2voms2q,わりとメンタル疲労が溜まってるので無理だな〜おそらく外に出られない)(たまに発生するけど1日で満足する)　薬はまだもつから、来週どこかで休みをとって行こうね……,メンタルヘルス,1.0,憂い,1.0,独り言・独白,1.0
at://did:plc:g5hmscbhrgqhbd34iv23d35q/app.bsky.feed.post/3m65hv2sca22j,ｾﾞﾝ誕のお手紙のやつか……！知行……もパイモンが知恵の殿堂で本読もうって言ったのが始まりだったしなんなんですか嗅がせにきてます？,オンラインゲーム,1.0,興味,1.0,独り言・独白,1.0
at://did:plc:er7ttuit5m5ygx6ervqw5kq5/app.bsky.feed.post/3m65hv2kag22r,朝のふわふわｹﾞﾀﾐｽﾞﾗﾉﾍﾞらくがきを読み返したけど普通に続きが読みたいので誰か書いてほしい。💴は肘の高さまで積みます💪💪💪💴💴💴,ライトノベル,1.0,期待,1.0,情熱・熱狂,1.0
at://did:plc:dzoqhymc4m5a2xquwjagsquv/app.bsky.feed.post/3m65hv2eqn22o,"リンク入りのもポストします　ディアキャ用のマレレオ漫画とおとな向け表現のある絵をpixivに載せました　遅くなって本当にすみません
www.pixiv.net/users/539705
#ディアキャ4後夜祭",同人誌、コミケ,1.0,平穏,1.0,丁寧・中立,1.0
at://did:plc:a5seorysepwvwdeencpugvlg/app.bsky.feed.post/3m65hv2342225,受けだろうと攻めだろうと、黒くて長い髪の毛が白いシーツに散らばるのめっちゃエッッッてなる……受けだと押し倒されてる時とか、攻めだと押し倒してる時に垂れる長い前髪とか……良き,雑談,1.0,恍惚,1.0,独り言・独白,1.0
at://did:plc:cfzkdog2uwoq26jg3tcjkjvn/app.bsky.feed.post/3m65hv22gkk2v,"フェリーでの九州帰省から帰ったぞー！🛳️
1歳との帰省は大変だけど最高でした🥰反省もあるので備忘も兼ねてブログ書きたいなぁ

写真はフェリーのキッズルームではしゃぐ息子🥰",国内,1.0,喜び,1.0,親しみを込めた,1.0
at://did:plc:m6xqly274xatswvm7pnzqssu/app.bsky.feed.post/3m65huzjmhs2s,特攻ぶんご〜3人+さぃ先生で行ったけど、皆なんかすげぇ張り切ってたし、さぃ先生急所当てるとその後のおだちゃんも急所当ててくれてめっちゃラブ🫶,オンラインゲーム,1.0,喜び,1.0,情熱・熱狂,1.0
at://did:plc:hv6gemegulgtsafdufucy4x5/app.bsky.feed.post/3m65huyzpok25,ジブリも、ちゃんと劇場で観たのはもののけ姫と千と千尋くらいじゃないかな。ナウシカとラピュタは実家に住んでいた頃にTV出観たけど、後半生はTV所持していないので、なかなか受動的に観るタイミングが(配信ないからねえ),映画,1.0,平穏,1.0,独り言・独白,1.0
at://did:plc:rhc7riitoewaygs2nk6b2jvv/app.bsky.feed.post/3m65huyppek2m,自分、19世紀ヨーロッパ的なものを好んでるみたいな自認だったが、カジュアルだったりモード系だったりかわいいきぐるみ、若者ファッション等そういう物も好むのだと知り驚いている。,ファッション,1.0,驚き,1.0,独り言・独白,1.0
at://did:plc:za4f7i3s3qjltmhi7gsipmqd/app.bsky.feed.post/3m65huyhycc2t,"・まあ姫呼びは千秋発だもんな……
・内田ミサイル
・吉野おま……保坂！？！？！？
・うーん内田バカ
・覚醒した
・春香姉様の息抜きになってよかったねえ
・夏奈がお姉ちゃんしてる！！！！
・かなり平和だな今回……
・今回の千秋はアホなわけだ
・保坂お前……公衆の面前で……
・確かに！！今冬じゃん！！！夏奈に負けた！！！！
・そんなことは言ってない
・かなり難しい目標だな
・あっバレー部
・うん、何しに来てるんだか
・夏奈お前キスに躊躇無さすぎるだろ
・なんでお前もいるんだよ
・メガネ外すとだいぶ美人になるな
・いいのかそれで
・冬馬は温泉回で言わなかったのが悪い
・夏奈の方がまともとは珍しい",アニメ,1.0,興味,1.0,情熱・熱狂,1.0
at://did:plc:22p6k3ffu4v7t6ynud3dasgn/app.bsky.feed.post/3m65huy2wdc2v,タイムリープしたらまず婚のイベントスペース自体がなくなるかみんなｶｼﾜｷﾞAGE20みたいな自由気ままなポージングで愉快なパーティ会場みたいになる,雑談,1.0,興味,1.0,独り言・独白,1.0
at://did:plc:jf5je35tsjfoosslcreyckn5/app.bsky.feed.post/3m65huxtlxc2l,"んふふ🤭気付いて頂けてありがとうございます🥰
何枚かキャラ描いてました🫶❤️✨
ビバーナムについては明日ちょっとだけ何かが分かるかも知れません…☺️❤️✨✨",絵画,1.0,期待,1.0,親しみを込めた,1.0
at://did:plc:gek7d2pi7bjznuni4rrkslyq/app.bsky.feed.post/3m65huwzhzc2b,昨日寝ぼけてぶつけて痛いけど眠くて寝ちゃったところ割と傷ついてたな　山登りの前日とかじゃなくて良かった,雑談,1.0,平穏,1.0,独り言・独白,1.0
at://did:plc:eucicbsmjah6ppi23hobhid3/app.bsky.feed.post/3m65huwmvoc2d,"11/21労働終了。最終日まで残業してしまったがおかわり作業も完成して感無量。燃え尽きたー。
残っている人々に挨拶をして上司Sさんと中目黒でラーメンを食べて帰宅。
今日は寝て明日からこちらも箱詰めラストスパート。早起きしよう。
制服をクリーニングに出さないとだ。",職業,0.0,喜び,1.0,独り言・独白,1.0
at://did:plc:25hak22jwub7hnhjv4fgny6z/app.bsky.feed.post/3m65huw3e5k23,それにしても半兵衛様のクリアカード素敵でにこにこしながらずっと眺めちゃいます。これは久々に良いグッズ…！やっぱりゲームグラが一番です…。,ゲーム,1.0,喜び,1.0,情熱・熱狂,1.0
at://did:plc:fihh736whhoz4ksuh6o5w2in/app.bsky.feed.post/3m65huw47ik2d,ゆかりんライブ最高だったんだよ。お絵描き致しました。Moonhole良い曲。晴れた朝だって、雨の夜だって、君の傍にいる、そう決めている。,ライブ、コンサート,1.0,喜び,1.0,情熱・熱狂,1.0
at://did:plc:f2mdlmzgencv5b4yfciyj5mc/app.bsky.feed.post/3m65huvmlik25,とにかく形にする事を目標に、たくさんの粗を見つけては泣きそうになりながら、どうにか仮本を入稿した……！！届いたのを叩き台として、各方面に確認と再編集作業をしたら本稿を入稿して本にする…！！！；；,同人誌、コミケ,1.0,喜び,1.0,情熱・熱狂,1.0
at://did:plc:g6uzfh67em7xdp7m6atebde6/app.bsky.feed.post/3m65huvbups2p,"紙にシャーペンでｺﾞﾘｺﾞﾘｻﾞｸｻﾞｸ描くと好みの絵柄になります。
お気に入りなよんさまが描けたので塗ろうか悩んでいるのですが塗ったらストロークの勢いを潰してしまいそうで悩みますね。",絵画,1.0,憂い,1.0,独り言・独白,1.0
at://did:plc:fzsijechr7hs7ejhd6xeoije/app.bsky.feed.post/3m65huurbhs22,某サイトで散々な目に遭ったので良心的な価格でお値段以上の価値があるおっぱいが見られることにおじさんは感動しております。,アダルト,1.0,喜び,1.0,独り言・独白,1.0
at://did:plc:o6scwsjir2hufpkt6325zbl4/app.bsky.feed.post/3m65huukwds2l,"別にねえ、許さなくてもいいのにね〜って思っちゃう。
テーマ的にそういうわけにはいかんやろ、と思うので、まあわたしのような感想も世の中に放流しとく方がいいのかな〜とも思ったり。
別に許さなくても大丈夫だし、縁切っても、遠くに離れてもええんやで。どうせどっちかが死んだらそこまでだし、向こうがいなくなったらあとは粛々と相続放棄の事務手続きするだけよ",生き方、人生相談,1.0,平穏,1.0,独り言・独白,1.0
at://did:plc:cnu6i3qhpk4idaykqhvo3uzj/app.bsky.feed.post/3m65huuk6vs2l,友人がインフルにかかって半年以上前から計画・予約してた3連休旅行が延期になったのが逆に貴重な作業時間になってくれた,雑談,1.0,喜び,1.0,独り言・独白,1.0
at://did:plc:g2plvgvr6mjkm5g6uppy5dg5/app.bsky.feed.post/3m65hutijr22q,"⏩️11月30日(日)まで
Gallery glad.様にて参加申込受付中

僭越ではございますが、来年2月21日(土)開催「青の虜展3」メインビジュアルを担当させていただく事になりました🦋✨️

皆様にとっての特別な青色を拝見できるのを楽しみにしています🎨

⏩️詳細(glad.様webサイト)
gallery-glad.amebaownd.com/pages/650927...",美術、芸術,1.0,期待,1.0,丁寧・中立,1.0
at://did:plc:wdwmfogawz5uqsaheag64epo/app.bsky.feed.post/3m65hutgywk27,"後天的に変更できない生来の特質（人種、国籍、生物学的性別、先天性疾患、身長体格含む容姿）を嘲るのはよくない、人権は平等ってのが本来のポリコレだったのに
手前の鬱憤晴らしのため差別だのナチだの強い言葉を軽々しく用いる輩のせいでポリコレもフェミニズムも「うおｗ」て冷笑されるようになったの草も生えない
シュトヘルの大ハンやチ。のバデーニの「無知蒙昧の貧民に文字を与えるべきではない」なんて差別的主張を図らずも裏付けちゃってる　現代では知的能力に支障がない限り教養は当人の努力次第なのもな　後天的努力で得られる学びすら放棄したカルティストのせいで先天的特質で差別を被る人々まで白眼視されたら世話ねえべよ",政治、社会問題,1.0,嫌悪,1.0,客観的・分析的,1.0
at://did:plc:jyvbqmvhkj6u7zmzu2r2drz7/app.bsky.feed.post/3m65hutbpyc2l,"キョカラをまた書いたでﾔﾝｽ
ｽﾊﾞﾆｷの指輪物語
キョカラ_I will xxx for you. | さぶろう
www.pixiv.net/novel/show.p...",小説,1.0,平穏,1.0,親しみを込めた,1.0
at://did:plc:7padxycijo66klpp7precnjf/app.bsky.feed.post/3m65hutamtc2c,しゅううえむらのクポの💄はしっとりしていて発色が良くてめちゃくちゃなじみます。すばらしい。あんまり💄好きじゃないけどこれはいいな。,メイク、コスメ,1.0,喜び,1.0,丁寧・中立,1.0
at://did:plc:gxdbjykrtpgfuzppk7kg6j4n/app.bsky.feed.post/3m65hzhppyc2x,3:04〜の藤原基央も見て？「あぁ、君とは戦いたくなかったんだけどな、ごめんね」と言いそうな藤原基央です。わたしが中学生だったら危なかった。,ミュージシャン,1.0,興味,1.0,情熱・熱狂,1.0
at://did:plc:pcpn35krvxisxjrxiuor76rt/app.bsky.feed.post/3m65hzhhchc2z,"評判めちゃ良いので気になってるんですが、流血とかグロいシーンって多めですか…？💦
PV見た感じだと掴めなくて、足踏みしちゃってます😢
でも映像すごく綺麗そうなので映画館で見るべきかな、と…",映画,1.0,心配,1.0,丁寧・中立,1.0
at://did:plc:j6brcqenvb272my2yslbw6x4/app.bsky.feed.post/3m65hzghius2r,"まぃこりんさん
こんばんは🌛✧˖°
今日もお疲れ様でした(੭ˊ꒳​ˋ)੭☕𓈒𓏸

✿ｵﾔｽﾐ～(ฅ•ω•ฅ).｡.:* ♬*゜",雑談,1.0,平穏,1.0,親しみを込めた,1.0
at://did:plc:kqkxvuc37jkcflrepjiwdrcp/app.bsky.feed.post/3m65hzgdjwc2y,ミチミチにすればなんとかってかんじですがお顔が見えない痛バがゆるせないので9は無理そうっす 楽しんできます💕,アニメ、コミック,1.0,期待,1.0,親しみを込めた,1.0
at://did:plc:vwbyffssb4nuiupqe5rsc6d7/app.bsky.feed.post/3m65hzf3jnk23,"ドラクエ1＆2の真ED見てきました
あ…うん…ドラクエ3リメイクやったことある人は絶対1＆2プレイしてください",ドラゴンクエスト,1.0,喜び,1.0,情熱・熱狂,1.0
at://did:plc:njsyfqlyvi5jqtvk665csf2f/app.bsky.feed.post/3m65hzdtzy226,"4,滅亡の兆し
「秘密の感情」は瞬く間に広がりましたが、4区の排他的な性格によってそこから出ることはありませんでした。
皆が意識を共有し、同じ方向に歩き、同じ方向を見て、同じ言葉を話す。
誰かが秘密の感情を知りそうになった時に自殺を図ったが一歩遅かった為、滅亡しました。",小説,1.0,平穏,0.0,客観的・分析的,1.0
at://did:plc:lvbzzapyjrh5g2e2zouw5bis/app.bsky.feed.post/3m65hzdivjs2h,"九木目図ラグ、ラグってゆ〜かタペストリーっていうかのイメージがあります
すみませんが私の言う「タペストリー」は物体そのものを指しているのではなく、メ…ダで描かれた象徴を指しています",家具、インテリア,1.0,平穏,1.0,丁寧・中立,1.0
at://did:plc:y3nu54rcdh7xvidl5qtkgq7s/app.bsky.feed.post/3m65hzcnfnk2p,以前もアタリを練習したことがあったけど、よくわからないままだったので、これを機に練習頑張ろうかな…夫が寝落ちしたら…,絵画,1.0,期待,1.0,独り言・独白,1.0
at://did:plc:7iolytpsqu7hk36spr7gegog/app.bsky.feed.post/3m65hzclwrk22,いや44話見てる途中なんだけど本人出てきてないのに 間接的に話題として出てきただけで一時停止して語り尽くせる、この、アメジオくん自身のポテンシャル,アニメ,1.0,興味,1.0,情熱・熱狂,1.0
at://did:plc:5c3xii2auaskmfziyaje3fzo/app.bsky.feed.post/3m65hzcl5f22l,"11月21日
昨日の喉違和感が感じ今日の朝から体調が悪くなりました…😭
なので今日は10分で好きな性癖を描いてみました…好き…（鼻血）",趣味,1.0,喜び,1.0,独り言・独白,1.0
at://did:plc:an2vl7easclq3pxji6tepu2u/app.bsky.feed.post/3m65hzc7egk2t,Esperamos con impaciencia una segunda parte mucho más extensa.,映画,1.0,期待,1.0,丁寧・中立,1.0
at://did:plc:ettiiikkhpuylp3onjdstudf/app.bsky.feed.post/3m65hzbg2uc2t,これはすげえやって創作を見たり聞いたりすると、まずマジかよ……という沈黙が来て、その次に死にたくなる。しばらくしてこの、そういった創作のできない自分への絶望を受け止め始めた頃に自分を殺したくなって、怒りが湧いてきて、少しして落ち着く。,趣味,1.0,激怒,1.0,独り言・独白,1.0
at://did:plc:bkjfhtzwk4szeoyxbk3cuuu2/app.bsky.feed.post/3m65hza5xns2e,"ここらへん自分でもすごく悩む
最初は絶対言わないだろって思ってたけど、異邦人読み直して揺らぎつつあるんだよな",小説,1.0,動揺,1.0,独り言・独白,1.0
at://did:plc:hkxu5xttqgoznvcp7krrz6kp/app.bsky.feed.post/3m65hz7w2q22m,RADトリビュートで一番良かったのはYOASOBIの会心の一撃かも　2番Aメロからの展開がかなりYOASOBIになってて良かった,邦楽,1.0,喜び,1.0,独り言・独白,1.0
at://did:plc:syygmzits3ztogoqzmpfmacs/app.bsky.feed.post/3m65hz74s522e,"LS仲間と六根山2周してPvPまわった！
ランクマ猛者おおくて全然勝てなかった…！メテドラと魔弾の合わせ技が野良でできるの強すぎない…？？上手い人めちゃ増えたね…😭",オンラインゲーム,1.0,驚き,1.0,親しみを込めた,1.0
at://did:plc:mvfxwcw5ujsg3ddftss6dyel/app.bsky.feed.post/3m65hz72zik2a,"ブラックフライデーせっかくだからなんか買おっかなーと物色してたらおもろそうなやつ見つけたから買ってしまった…
メモリがちょっと心許ないとはいえ、N100搭載のChromebookが14500円にポイントが5000pt以上つくから実質10,000円以下で買えるのおもちゃとしては結構良いんじゃないかしら",パソコン,1.0,喜び,1.0,独り言・独白,1.0
at://did:plc:3n3ycnofj26jlyexcrf35zep/app.bsky.feed.post/3m65hz6rxhc2l,"すきな自動車のデザイン
ウィルサイファのオレンジがこの世で1番可愛いと思う 顔もいいけど尻もいい……
街中で見ることもうなくなったけど",自動車,1.0,喜び,1.0,独り言・独白,1.0
at://did:plc:25x34sudc6vjcyqbjlntbwou/app.bsky.feed.post/3m65hz66als2p,"サンパウロは30℃なのにトリノは6℃だ。ひなたくんが🇮🇹に遊びに来たらびっくりしちゃうね。
「かげやま寒い！」
「烏野と変わんねーだろ」
「おれはもうブラジルの太陽に甘やかされた男になってしまったのです！」
「何言ってんだ」
ってずっとくっついててくれ。",アニメ,1.0,喜び,1.0,情熱・熱狂,1.0
at://did:plc:furu7ckx2lbtxqf6khbn2xbp/app.bsky.feed.post/3m65hz5xlpc22,"ホウちゃんいつも何か被ってるからシロクマさんって被るの好きなんかなって思ってたけど他の動物園の何も被ってないホッキョクグマさんたち見てると
ホウちゃんがだいぶ関西クマなんやなって",動物,1.0,驚き,1.0,ユーモア・ネタ,0.0
at://did:plc:w3b24pnskk7aka5rl5qqk7je/app.bsky.feed.post/3m65hz5u5e223,刑事もの好きなので好きなのはMIU404だけど人におすすめするなら絶対アンナチュラル あれは義務教育にしろ,ドラマ,1.0,喜び,0.0,情熱・熱狂,1.0
at://did:plc:32fx5bun4cfrezgup2tiubtq/app.bsky.feed.post/3m65hz5ru4c2o,スとANNで自分が持つメロさで言い争っていたんだけど、そのぐらい自信満々なのが誇らしいし、私も自分に対してそういうデカい気持ちを持ちたいとも思った,ラジオ,1.0,信頼,1.0,独り言・独白,1.0
at://did:plc:cpgwrn2py35la55qashlu65h/app.bsky.feed.post/3m65hz4naac2g,"「酒量は、おなじ松下村塾出身の高杉晋作の半分もなく、晋作のように唄もうたえず三味も弾けず、」
ｸﾞｱｧ",日本史,1.0,驚き,1.0,独り言・独白,1.0
at://did:plc:jstx7mcdtij5caauu4ovos6b/app.bsky.feed.post/3m65hz4bsys2m,党派間から国家間の関係に至るまで、対話とか妥協とか融和みたいな発想がなくなり、各々の陣営が各々の被害者意識に立て籠もるみたいな感じになっている。ほどほどでうまくやるという保守の知恵が大事になってくると思うけど、珍説妄説の坩堝と化した現代の保守にそういう責務は果たしようもない。,政治、社会問題,1.0,憂い,1.0,客観的・分析的,1.0
at://did:plc:hyfcsg5zq4j2s4uakheq3cgv/app.bsky.feed.post/3m65hz4a2ec2k,"xの方にも交流垢作るか悩み始めてる。
やっぱりちょっと夢女子さんたちとお話したりしたいな〜とも思ったりして",コミュニケーションサービス,1.0,期待,1.0,独り言・独白,1.0
at://did:plc:s66mrwt7gbj4wjyeza65gn3x/app.bsky.feed.post/3m65hz3zv3s2x,"来年の春先ってデスマーチなんだけどせっかく唯一土曜だから行ってみたいねぇ
でもアマチュア以外のライブ行ったことないから普通に怖い😂",ライブ、コンサート,1.0,恐れ,1.0,独り言・独白,1.0
at://did:plc:qvcyq6iw47k5mhgkmtehx3at/app.bsky.feed.post/3m65hz3zob22k,人が使ってるの見てるのすぐ欲しくなってしまう人間なので今Wacom Movinkpad Pro 14+がめちゃめちゃ欲しいです,パソコン,1.0,期待,1.0,独り言・独白,1.0
at://did:plc:dkaajwurwdfufh344tyicnsb/app.bsky.feed.post/3m65hzgb2xc2y,"Amazonギフトカード ミニ封筒 色とりどりの風船 が、約55分で販売終了しました(79回目)。再開されたら、またお知らせします。
5leaf.jp/amazon/B0DKW783TR/#a...",インターネットショッピング,1.0,平穏,1.0,客観的・分析的,1.0
at://did:plc:hrdq3teumpulyqztjsyj4tp7/app.bsky.feed.post/3m65hz3h6hk23,"また危ないことしてる
この人「わたしこんな悪いことしてるよ？いいの？」ってかまって欲しくて悪いことする",雑談,1.0,嫌悪,1.0,客観的・分析的,1.0
at://did:plc:6idrpvcjt356wzinmtgd42v2/app.bsky.feed.post/3m65hz36adc26,comprei essa rosa ontem e hoje ela tá assim. que olho gordo que é esse?,園芸、ガーデニング,1.0,驚き,1.0,独り言・独白,1.0
at://did:plc:2fgjwfcvalw24fvpvt7kctuu/app.bsky.feed.post/3m65hz2usl22y,三連休あえて何も予定を入れなかった！！ここを有意義にできるかどうかが2025を綺麗に終わるための分岐点だ………ゴクリ,雑談,1.0,期待,1.0,独り言・独白,1.0
at://did:plc:bfu2wcmtqulr7tzadz6e7n5m/app.bsky.feed.post/3m65hz2nec222,"Oh 100% 
The timezone differences mean I get at least two waves of fcf goodness each Friday 😏",雑談,1.0,喜び,1.0,親しみを込めた,1.0
at://did:plc:vwhgixbxfdzcoi2fxhuohkmt/app.bsky.feed.post/3m65hyzm5s22r,tarzan an diesem äntending mussu unbedingt arbeitne. änten dürfen namis weihnachtsplätzchen odre früchtebrot,アニメ、コミック,1.0,興味,1.0,ユーモア・ネタ,1.0
at://did:plc:jolzqiriqdhou5f5qxnuabo5/app.bsky.feed.post/3m65hyzjkrs23,義勇さんだけ再生回数少なくね？？？？？？？？？？？？？？？？？？え？？？？？？？？？？？？？？？？？？なんで？？？？？？？？？？？？？？？？？？今回で一番かっこいいの義勇さんだよね？？？？？？？？？？？？？？？？？？(←個人の感想すぎる),アニメ、コミック,1.0,動揺,1.0,情熱・熱狂,1.0
at://did:plc:5zotg4ffqbhuvfpxsq7vga2l/app.bsky.feed.post/3m65hyxjjxc2l,"久々にわた婚打った　+650枚

前任者が1000枚弱、私が1500枚弱で、あとちょい、多分、100枚で有利きれるかなというところでAT抜け。

そこから600ゾーンまで通常ハマり、1150枚まで減らし、チキンになって撤退したら、後任者がきっちり開花の刻まで貫いて1600枚だしてた模様。台としては出枚+3000で、前日も同じくらいだから据えリセだったか。

ねばれよ…私。
仕事で疲れてたんだよ。久々のわた婚だったし、設定に確信持てなかったんだよ。偶数示唆でたけど、高設定示唆でないし、2か4かで悩んだのよ

勝ちだからいいの。

やっぱ、わた婚は面白いですよ。
秋葉原はどこも撤去されて悲しいよ",スロット,1.0,喜び,1.0,独り言・独白,1.0
at://did:plc:lzanzgmni3egmaatlqbbzutv/app.bsky.feed.post/3m65hywpwmk2k,しぶあかまったく使ってないしほぼほぼ非表示にしちゃってるからごく稀にフォローいただくとなんか！？昔の私をありがとうございます！？と嬉し恥ずかしさでジタバタしちゃう。,画像、写真共有,1.0,驚き,1.0,独り言・独白,1.0
at://did:plc:mzqnr5ts6ebvjpb76hcd5bc7/app.bsky.feed.post/3m65hywn7pc2e,たけのこの山との対比で喚起されたものですが、つらつら惟んみるに「きのこの山」って含蓄のあるやばいネーミングやったんやな…と,菓子、スイーツ,1.0,驚き,1.0,独り言・独白,1.0
at://did:plc:wp2zx7eqev3o2ay6cfqrb2eg/app.bsky.feed.post/3m65hyvzqns2h,西荻窪に美味いベーグル屋さんあると聞いたのでメモした。土曜日やってないっぽいからまた今度にする。明日は閉店までに間に合えばクッキー買いに行きたい。,飲食店,1.0,期待,1.0,独り言・独白,1.0
at://did:plc:nltkunwiindbgsynqn2yuk5l/app.bsky.feed.post/3m65hyvsgbs2s,"タヌキさん

｡.ﾟ+:❀｡.ﾟ+:❀｡.ﾟ+:❀｡.ﾟ+:❀｡.ﾟ

　┏┓┏┓｡･ﾟﾟ･｡｡ﾟ❀
　┃┗┛ 𝐚𝐩𝐩𝐲 ✿
　┃┏┓┃　𝐁𝐢𝐫𝐭𝐡✿
　┗┛┗┛　　𝐝𝐚𝐲*ﾟ❀

｡.ﾟ+:❀｡.ﾟ+:❀｡.ﾟ+:❀｡.ﾟ+:❀｡.ﾟ

 🎂素敵な1年に
　　　　　なりますように🎂
｡.｡. ❀ ｡.｡｡.｡. ❀ ｡.｡｡.｡. ❀ ｡.｡",雑談,1.0,喜び,1.0,親しみを込めた,1.0
at://did:plc:gdhmavlz3n6fysrehxnpmkag/app.bsky.feed.post/3m65hyvkcjc2y,私はドラマめっちゃ面白くてわ〜い！ってしてるけどラジオで「近年良いドラマが無い」って語られててシュンとした。面白いだろうが…！まあお金ガッツリかけて勢いがあった時代のことを言ってるのはわかるけどそれぞれの時代の面白い作品があるよ,ドラマ,1.0,怒り,1.0,挑発的・攻撃的,1.0
at://did:plc:2wiwqwztvebxbfiwx5tgjssm/app.bsky.feed.post/3m65hyvdrjs2k,ハルカンドラ人の作った物大概倫理観まともな使われ方してないし、夢を叶える機械生命体としていきているノヴァもハルカンドラが生み出しただけあって発想が邪のソレだから信用なさすぎて出てきてすぐなんだけど「お前もう帰れ！！」というお気持ちになりますわ。,アニメ、コミック,1.0,嫌悪,1.0,独り言・独白,1.0
at://did:plc:ia6s5v5fwjodlm6257q3dnwu/app.bsky.feed.post/3m65hyupvs22l,帰りにゲオ寄ったらSwitch2売ってたけどゲオの購入可クーポンを持ってなかったので残念ながら買えませんでした,テレビゲーム全般,1.0,悲しみ,1.0,独り言・独白,1.0
at://did:plc:o3mna54k6x3evmhp3mfvndae/app.bsky.feed.post/3m65hyugf422x,CASIOのミニキーボードSA-76を買う時、「どうせまた道具を集めたいだけで大してやらないんだろうな〜」って何度も迷ったんだけど、デジタル音源とキーボードを弾く感触が楽しすぎて、毎日数時間練習してる。今はこの楽譜のカントリーロードを練習中。一音一音、弾けるようになっていくのがすごく楽しい。誕生日に杖(武道用の木の棒)ももらったから、杖術と合わせて、少しずつやれること増えたら嬉しいな〜。絵や小説の他に、後二個か三個、技術的な趣味が身につくといいな。キーボードは、病状がしんどくても気楽にぱ、とできて、難しく考えなくても練習するだけでいいから、すごくホッとするよ。長く楽しみたい。,ピアノ、キーボード,1.0,喜び,1.0,独り言・独白,1.0
at://did:plc:5x2tk5azqgtdx5mxchj76hd3/app.bsky.feed.post/3m65hytov5k22,"はい、本日乗るのはこちらのバス！
「走るホテル」とも評される豪華夜行高速バス「ドリームスリーパー」です。
各座席は壁で分けられ完全個室を再現👍
心地良い眠りと贅沢なリラクゼーションをお届け（ちなみに土足厳禁）👟
私は以前にも乗ったことがあって、大阪に行く時はこのバス！と決めている（予約が取れる時は）🚌
以前は池袋〜梅田までだったんだけど、最近新宿〜奈良までにルートが改正された🤔
今回はもちろん奈良まで乗るよ！🦌
ワクワクが止まらないっ！😆",交通、地図,1.0,喜び,1.0,情熱・熱狂,1.0
at://did:plc:f4og3hwtl6iyss3wd5tiruww/app.bsky.feed.post/3m65hyt4kac26,今年のルカの誕生日イラスト一体どうなっちゃうの〜⁉️⁉️⁉️⁉️⁉️(ここでミジのイラストを思い出す)(witch),アニメ、コミック,1.0,動揺,1.0,情熱・熱狂,1.0
at://did:plc:wekonwesv6fbvhv3uoo2mk2p/app.bsky.feed.post/3m65hystbec2s,なんとなく、ととがより可愛く見えるようになる角度みたいなのが存在して、それを今回ちょっと掴んでた気がした🤔,ペット,1.0,喜び,1.0,独り言・独白,1.0
at://did:plc:c2tc24nu4f2yfusofnn56xt2/app.bsky.feed.post/3m65hysrzd225,「発信しないことは考えていないことになるのだろうか」ということは度々考えているんですけれど、そんなことはないはずなのに、そうとは思えなくなってしまう瞬間が時々あるんですよね。,哲学、倫理,1.0,憂い,1.0,独り言・独白,1.0
at://did:plc:eldiphcr7aq27ryu77axwiyw/app.bsky.feed.post/3m65hyrvp322g,別に言うほど面白くないわけでもないと思うし芦田愛菜の歌が良かったしカップリング自体は割と好きだったし戦闘シーンも良かったけど細かい気になるツッコミどころが多すぎて若干映画に集中できない、くらいのものだと思う　言うほどひどくも無かったとは思う　あとひじりさんがあの見た目なのって監督がショタネタで弄られすぎたからですか？,映画,1.0,驚き,0.0,客観的・分析的,1.0
at://did:plc:ixh6neq5mu4qbu25fq5esi7n/app.bsky.feed.post/3m65hyqzzdc2h,"悪口ばっかりだから、消して丁寧に書きました。

竜とそばかす姫を初めて観ています。
途中からテレビつけたので、話が全くわかりませんが、終始出てくる人物が口をアングリ開けて驚いており、大変怖かったです。
出てくる全ての大人が全て怖い行動と発言をしていて怖いです。
子供の悪夢を表現したホラー映画だったと思います。終わり。
これから蘭たんのポケモン見ながら作業します。三連休楽しみだなあ。",映画,1.0,恐怖,1.0,皮肉・当てこすり,1.0
at://did:plc:gllndc7weyy6eaoevhxrw6sy/app.bsky.feed.post/3m65hyplovs2z,"If Vincent's goods will released, I definitely buy them all. He makes me crazy take responsibility",アニメ、コミック,1.0,恍惚,1.0,情熱・熱狂,1.0
at://did:plc:o3yee4ukow44h5wdxiaibb72/app.bsky.feed.post/3m65hyohipc2z,とりま有償単発！でもデュースくん欲しいよおうーーーけど来月デア誕あるから石使えないのだよーーお正月もィデアズな可能性あるしいいい,ゲーム,1.0,悲しみ,1.0,独り言・独白,1.0
at://did:plc:vb7jo7idcugylxzlhpokwlmr/app.bsky.feed.post/3m67pyzrq6k2q,"明日のwebオンリーはPictsquare様へのログインが必要です。アカウントをお持ちでない方は、スムーズな入場のため本日中のアカウント作成をお勧めいたします🚶
#たえこい_主催",イベント、フェス,1.0,平穏,1.0,丁寧・中立,1.0
at://did:plc:hf5didpp2qjofsb5zwmdnsaf/app.bsky.feed.post/3m67pyzhrt22t,"「ビジュでなめられるな」みたいな、クソルッキズムは滅んでください。「〇〇歳ならどうこう」みたいなものも要らないです。
いくつだろうが何を着ようが財布やカバンのブランドがどうこうだのマジでほっとけ。",政治、社会問題,1.0,嫌悪,1.0,挑発的・攻撃的,1.0
at://did:plc:arxut6pukgob6mw6gwhldtua/app.bsky.feed.post/3m67pyrutfs2p,枠にはめて絵を描くのがどうも苦手というか細かく描きすぎちゃうので、枠なしでかいてしまう。昔ノリでいった出張編集部の方にも、枠にはめるの苦手ですが？と言われたのですがその通りでございます…,絵画,1.0,平穏,0.0,独り言・独白,1.0
at://did:plc:kp2dhpgoxvoraepp5a643tj2/app.bsky.feed.post/3m67pyd75222h,年末の東北に備えて、クリマバリアパーカーを購入。買う時から思ってたけど、普通にダウン系を買った方がよかったのでは感。やらかしたかなぁ。どんなに寒かろうと今の装備で耐え抜くしかない・・,ショッピング,1.0,憂い,1.0,独り言・独白,1.0
at://did:plc:tpvya4qldsl3x3qcsudbwkk3/app.bsky.feed.post/3m67pyqeqds26,"イナイレ夜の部
イナGoからあるキャラ同士の会話が楽しめるSNS
スタンプを使いこなす不良が見れるし、私生活が海見えたりするから好き

こういうのもっとやって！！",テレビゲーム全般,1.0,喜び,1.0,情熱・熱狂,1.0
at://did:plc:hjagcdvfzuuvh7v635pthekp/app.bsky.feed.post/3m67pynbz622d,"どっちの理由でも、杉が「岳の刀で〜」と言い出す要因にはなりそうな気がする
でも岳から「俺たち最強のバディになるんだろ?」と言われて気を持ち直しているので、後者かなぁと思ったり
前者だと杉は“あの方”に感銘を受けて命賭すことまで決めているので、家出するまではしないかも",アニメ、コミック,1.0,興味,1.0,独り言・独白,1.0
at://did:plc:oqjroibu7mrwdx45e7vvbs2x/app.bsky.feed.post/3m67pyn4ckc2q,あとシュレッダーぱんぱんになった袋をたまに上の人が私のデスクの上に置いとくんだけど、嫌がらせか何かなんだうろうか…捨てとけよッて意味？,職場の悩み,1.0,動揺,0.0,独り言・独白,1.0
at://did:plc:r6zutxjcgh7kzetl5fr3xc6v/app.bsky.feed.post/3m67pylwz6s2a,"ちなみに私の以前の呟きは何一つ参考にならないはず。
今とは考え方が違いすぎるので間違ったことも呟いている。(消さないが。)
一連の呟き及びこのアカウントの目的はただのガス抜き&言語化による自己分析なので、マネタイズ含む何らかの目的は無いです。
万が一誰かの目に止まった時に勘違いされたら嫌なので明記しておく。",インターネットサービス,1.0,心配,1.0,客観的・分析的,1.0
at://did:plc:6xu25y43jmp3toyfddq37mtl/app.bsky.feed.post/3m67pyl2lz223,"ホタルの住処の、オレが子供になるからやってみせてよ、の宿題のところのアンサー
弊まりーならどう答えるかなって考えたお話しがあるのでそれはいつか描きたいなぁと思っている",アニメ、コミック,1.0,期待,1.0,独り言・独白,1.0
at://did:plc:ao26zcnukd5xtpfj7bwjga2t/app.bsky.feed.post/3m67pyku22c2s,話もすごいよかった！ルーイエ大好きだよ。シャオヘイも素直で元気があって良い子だ。師匠は…うん、ジャンクフードがよく似合うよ。みんなでマック行こうよ！あと無性にお茶が飲みたくなった。急須で入れたちゃんとしたお茶。,アニメ、コミック,1.0,喜び,1.0,情熱・熱狂,1.0
at://did:plc:xjkkgssiclsf4axrkjarqoi3/app.bsky.feed.post/3m67pyktv622b,"世の創作者達は堂々と「感想いただけたら励みになります」って言っていいと思うております。一言頂けただけでマジで励みになります
私も欲しいし、感想ぜったい書かせてください。",趣味,1.0,喜び,1.0,激励・応援,1.0
at://did:plc:jzgbhyke6b3pfvx44nrwbhhu/app.bsky.feed.post/3m67pykee3s2k,"これはちょっと合ってるようで合ってないな
海外は日本より夢人口多いから昔から夢創作は文字・絵共に多いと思う
海外サイトで探すなら「キャラ名/reader」で検索するといっぱいあるはず
単に夢創作にあたる言葉が無いだけ
なんならちゃんとキャラシもあるはず",同人誌、コミケ,1.0,平穏,1.0,客観的・分析的,1.0
at://did:plc:b3hgapb4podcbbv3whgky5ao/app.bsky.feed.post/3m67pyk4k3s2d,まぁでも、感想を言う事自体擦り寄りだと思われてしまうなら、もう感想は胸のうちにしまったままの方が良いんだろうなと着席しました,友人関係の悩み,1.0,悲しみ,1.0,独り言・独白,1.0
at://did:plc:dehjvtclr5mt2in2ljmv5y33/app.bsky.feed.post/3m67pyi6duc24,"買うか…シークレットブーツ…！
そういう意味では盛ったり盛らなかったりできる分低身長の方がコスプレしやすい…？",ファッション,1.0,興味,1.0,独り言・独白,1.0
at://did:plc:xbei4zk45f4gm566imxctnhw/app.bsky.feed.post/3m67pyhpo522c,"なんか…朝イチで…センター長と今後について面談してもらったけど……

もう、どんな話したか、なにがあったか、忘れちゃったゾ(白目)",職場の悩み,1.0,動揺,1.0,ユーモア・ネタ,1.0
at://did:plc:cfmwe5awzh6tafg6tkmyif4g/app.bsky.feed.post/3m67pygz7f22t,実は帰りの飛行機内で具合悪くなっちゃって、満席だったせいで移動も出来ずにぐったりしてたんだけど近くの席のお兄さん(台湾の方)が自分の荷物引っ張り出してまで薬を分け与えてくださって……人の優しさにガチ泣きしそうになってしまった……,おしゃべり、雑談,1.0,喜び,1.0,親しみを込めた,1.0
at://did:plc:bcjobm7cfqs4nqxug7hwvl2c/app.bsky.feed.post/3m67pygu2ds23,"あんまり記憶ないんだけど、抽選で当たったやつだけ安く買えるみたいなことやってたｗ

今年はどうなのかな？
来週必要なら即決で買うことになるだろうな",ショッピング,1.0,興味,1.0,独り言・独白,1.0
at://did:plc:2r3ovmdfcy3xwzzmo3ywha3q/app.bsky.feed.post/3m67pyfstts2r,今回はキ夕二さんのライブがメインイベントの旅行だったのだけど、めっちゃ良いセトリで、曲が始まるたびtsukineさんがちょこちょこ天を仰いでいて良かったです。,ライブ、コンサート,1.0,喜び,1.0,親しみを込めた,1.0
at://did:plc:7bfg6bewcqaafk3pe3z3gjvk/app.bsky.feed.post/3m67pyfi6zk2v,"こんばんは🌛お元気でしたか？☺️
最近エクシリア2をクリアしました！ガイアス王が私の中で愛すべきネタキャラ枠No.1となっていますw(戦犯はテイフェス)
来週に渋谷のテイルズ展へ行くことになっているので風邪を引かないように気をつけたいです💦
身体に気をつけて下さいね(* ᴗ͈ˬᴗ͈)”",テレビゲーム全般,1.0,喜び,1.0,親しみを込めた,1.0
at://did:plc:2c76flblvziomhuvn65t74ux/app.bsky.feed.post/3m67pyfarps2h,セルジュさんへのあれこれはちゃんとポエムに入れたかったけど入り切らなかった　知らない誰かの祈りが自分の命を拾った　のにんしき,文学、古典,1.0,悲しみ,1.0,独り言・独白,1.0
at://did:plc:fhhl355lgkpqex5jmrpilrzq/app.bsky.feed.post/3m67pyeifh22g,今更だけどモニター台があればその下にキーボード押し込めるし机のスペース活用できそうで良いかも。モニターが激重だから今家にある物じゃ代用できそうにない…,家具、インテリア,1.0,興味,1.0,独り言・独白,1.0
at://did:plc:dt3qqrke5qjyuljrauttwvv6/app.bsky.feed.post/3m67pyectpk2l,基本的に王道でいかにも人気の出そうなキャラは斜に構えて見てしまうのできっかけなければ一生⛰にはハマらなかっただろうなと思う。,趣味,1.0,平穏,1.0,独り言・独白,1.0
at://did:plc:xchino4hw5exaislznsyp6mh/app.bsky.feed.post/3m67pye4fns22,"今紅葉の季節だというのに京都がめっちゃ空いてるらしいじゃないですか
時間ないから無理だけど行きたい……

まあ私普段てっぱくしか行かないからあんまり影響受けてないんですが…",観光地、行楽地,1.0,期待,1.0,独り言・独白,1.0
at://did:plc:4fkkqc724esds2f66qlj5sqn/app.bsky.feed.post/3m67pyd5t5c23,"【第15章　女鬼という境界人《マージナル・ウーマン》】
鬼滅世界における男鬼と女鬼の描写の差を検討しつつ、珠世と禰󠄀豆子という2人の女性を、人と鬼、善と悪の境界の生を自発的に選んだ鬼として解釈していきます。あとなぜか映画タイタニックの話をしている。",アニメ、コミック,1.0,興味,1.0,客観的・分析的,1.0
at://did:plc:a5au5ttbayy5ch5tgwcgs6nm/app.bsky.feed.post/3m67pyd3d2s22,神永くん美しいな、ってのと(きたむーは前提梅ちゃん)、しげちゃんがしげちゃんに見えなくて(わかってはいる)何このかわいい子…って…,俳優、女優,1.0,感嘆,1.0,独り言・独白,1.0
at://did:plc:4qfeaxs3jhkxsjl6xm6ezjd6/app.bsky.feed.post/3m67pycwrkk2c,"ｵｲﾓさんありがとうございます🥹🥹実はわたしも手先が器用な先生のチュートリアルを見ながら作ったんです……！
でもほんとにネコちゃんにぴったりで！！🐱ちゃん専用プリン〜！！",手芸,1.0,喜び,1.0,親しみを込めた,1.0
at://did:plc:vf2yrfyz2k4vg3cjkl35a2c4/app.bsky.feed.post/3m67pycfqn223,"仮に🔪が如来だった場合、帝釈天とウサギの説法が思いつくので、大きな包丁を持つ兎に血をじわりと感じてくる。
それはそうと、📞に「月に変わってお仕置き」という要素もあったりします？そうならますます月へ昇ったウサギの代わりに裁定を下す天部＝閻魔大王になってくるし、📞の髪型がだんだんと月の戦士に見えてくる。",アニメ、コミック,1.0,興味,1.0,独り言・独白,1.0
at://did:plc:hwz723jw7s3bke7xycu5rekt/app.bsky.feed.post/3m67pyaalqk25,"(´・ω・｀)なんと...!?それはちょっと行きすぎてるのでその方がえろのに二次創作についてもよく思ってない可能性はあります💦
著作権法的に考えれば、現在で行なわれている二次創作は権利元や権利者が禁止にしていたり、警告を下さなければとりあえずはグレーで見逃してくださっているので...大丈夫だと思いますよ...!!

エロ絵描きさんだって生成の学習的にされてるんです、文句を言ってはならないなんてことはありません。
そうでなければAIはエロ絵を出せません...!立派な権利です...!",法律、消費者問題,1.0,怒り,1.0,教訓的・啓発的,1.0
at://did:plc:pxni73mx7cviwsgkr6wekn5l/app.bsky.feed.post/3m67py57ywc2g,"【方針】国会議員歳費「月5万円増」当面見送りへ、維新が「国民の理解が得られない」と反対
news.livedoor.com/article/deta...
自民党と立憲民主党は国会議員の歳費引き上げで調整していたが、日本維新の会が反対したという。引き上げは当面の間見送り、増額するかどうかは次の国政選挙後に判断するとのこと。",政治、社会問題,1.0,平穏,0.0,客観的・分析的,1.0
at://did:plc:rtzg6g5syt3dqjpvsykmn7ui/app.bsky.feed.post/3m67py57eg22k,"この写真の子たち、このまま一週間放置してたんだけど、この一週間でほとんどが上に向かって伸びる形に変わってて、生命力がすごいな～って思ってる。
とか言ってる場合ではなく、他の場所に移動した。
春になったら外に出して、あとは年中お外で頑張ってもらう予定。",園芸、ガーデニング,1.0,驚き,1.0,独り言・独白,1.0
at://did:plc:qsxotf3e23y6ptvxapg5gxye/app.bsky.feed.post/3m67py2rn4c2y,うちのチームは子育てしてる人多いから定時のチャイムなった瞬間PCの電源落としながら「延長は嫌だ延長は嫌だ延長は嫌だ！定時定時定時！おつかれ様でした！！！！」ってすごい速さで帰るし、退勤直前にエレベーター呼んでたりするから、本当好き,労働問題、働き方,1.0,喜び,1.0,親しみを込めた,1.0
at://did:plc:rgxlwi7hrjkfrgrvnkmmwbo4/app.bsky.feed.post/3m67pxv26yk2q,"人外ミステリ二作目「殺人館の不死鳥」

絶海の孤島、いわく付きの洋館、集められた謎の過去をもつ宿泊客……そして起こる、首切り殺人事件！

……を、見ている人がいた。
何を隠そう、最初の被害者はなんと人間に化けてバカンスに来ていた不死鳥だったのだ！
うっかり第一の被害者となってしまった不死鳥は、みんなの前に出るに出れなくなって大変なことに！
「連続殺人を最後まで起こしたまま、全員を助ける」ってどうすればいいの！？

という話
まさかの「全員生存」ミステリー",小説,1.0,興味,1.0,ユーモア・ネタ,1.0
at://did:plc:ruajt7to6bzb76dlmymxs6mm/app.bsky.feed.post/3m67pxt6lrc27,パッケージイラストのアクリルの板いいな。特に４が好きです。４のイラスト河野さんだと思ってたんだけどプロデューサーとしか書かれてないので違うのかな。河野さんの描かれる女性の透明感が好きで、でも4のマットな塗りもいいなあと思ってたんだけど。,アニメ、コミック,1.0,喜び,1.0,独り言・独白,1.0
at://did:plc:yh6shdumt4mlxvv7gwl56w2c/app.bsky.feed.post/3m67pxswrrc27,ここが一番人がいないとは思うのですが、今日配信開始されましたのは天音佑湖「ごはん食べたら寝ましょうか」8話でなくて9話の1でした･:*+.\(( °ω° ))/.:+よろしくお願いいたします･:*+.\(( °ω° ))/.:+,コミック,1.0,喜び,1.0,情熱・熱狂,1.0
at://did:plc:3fxwomgz6cagbviwde47dz7v/app.bsky.feed.post/3m67pxrllwk24,"アル菊界隈にいるの、いつもは楽しいけどなんでか今はめちゃくちゃしんどく感じる かきさんもカニをさんも3んとすさんもねりうかわさんもむらさんも皆優しいのに居心地悪さがすっごーい…悲しいね…倦怠期…？( /  ̫ т )

(なんだそりゃ)",友人関係の悩み,0.0,悲しみ,1.0,独り言・独白,1.0
at://did:plc:v7rqptgzl64lxpgcgxvr5tkr/app.bsky.feed.post/3m67pxtzbxrt2,"異邦人さん:
「あれほどコロナ禍で病床逼迫を経験したにも拘わらず、更に11万床もの病床を削減しようとしているのが自民党政府。賢者は歴史から学び、愚者は経験から学ぶと言うが、僅か数年前の経験からさえ学ぼうとしない自民党政府には付ける薬がない。自国民を守る方策を放棄するような連中は政治に無用。」 / X
https://x.com/Narodovlastiye/status/1992149217738129506",政治、社会問題,1.0,怒り,1.0,挑発的・攻撃的,1.0
at://did:plc:hcetuxozireqvszc7umbytbz/app.bsky.feed.post/3m67pxpgg2s25,じゃりン子チエを初めて観た（読んだことも無かった）。お父さんが娘を全然守っていなくてセクハラが心配になったのだが、チエ自身が「私はレディ」と言って自分を守っていることに感銘を受けた。でも、あの最強猫というのは、力でしか解決できない世界の中で、「この小さな女の子があげられるものは串一本ぐらいだけど、それでずっとそばで守ってくれる存在」という切実な想像の産物なのかな。ずっしり重たい作品だったのね。,アニメ、コミック,1.0,驚き,1.0,客観的・分析的,1.0
at://did:plc:yu3tj7jl5pezoah5anjny43p/app.bsky.feed.post/3m67pxm36gc22,"『未確認生物のふわもこトートバッグ』

モコモコボディからまんまるな目がのぞく未確認生物クリプテッドの2WAYトートバッグ！
イエティ・ビッグフット・シャドーマンの3種類、それぞれ毛並みや表情の違いが楽しめるユニークなアイテムです✨
confetti.website/7794/",ショッピング,1.0,興味,1.0,丁寧・中立,1.0
at://did:plc:twfh7omv5ogo7t3ncaoyzzwu/app.bsky.feed.post/3m67pxctv7c23,いやマジでかなり被害者ではあるし、めちゃくちゃ結果出しててすごい子たちなんですが、なんていうか、私はとにかく精子の管理状況が嫌ですね…あの時代をああ描くならそうなるだろうし、他に描きようもないだろって感じですが,アニメ、コミック,1.0,嫌悪,1.0,独り言・独白,1.0
at://did:plc:ypqtbtmyaasuxsracwajrjik/app.bsky.feed.post/3m67px6q6ec2s,ワールドポーターズから赤レンガ倉庫に行く辺り、今年はクリスマスマーケットに合わせてちょっとショップとか屋台とかクリスマスツリーとか出てて、めっちゃデートスポットだった。三連休初日なので親子連れもすごかった。,観光地、行楽地,1.0,喜び,0.0,親しみを込めた,1.0
at://did:plc:acoqhtnxu6yle5bomqccarpb/app.bsky.feed.post/3m67px25h2c25,"休んでます🪽✨

血液検査の結果､コルチゾール値が低く〜元気でません😿
暫くの間､居たり居なかったりします〜
御免なさい✨✨
　　　　　　.
　　　　　　.
　　　　　　.

冬が来る前に〜紙ふうせん〜

music.youtube.com/watch?v=e4YD...",健康、病気、病院,1.0,悲しみ,1.0,丁寧・中立,1.0
at://did:plc:w4me4uxwisaml3wz7cfiflva/app.bsky.feed.post/3m67pwzws5s2m,"#今日は何した
・淵上裕太写真展「肌と距離」京橋galleryRoom305
・写真家トークも聴く。6年くらい前にまだ学生くらいだった彼の写真を見てから応援している。
・配信で映画「ショーン・オブ・ザ・デッド」映画の会の旧作課題。ゾンビコメディ
・かぎ針の靴下踵あたりまで来た。ランダムにあと4色くらい使う。
・気に入ってる石鹸屋さんが近くに出店してたので買いだめした",おしゃべり、雑談,1.0,喜び,0.0,独り言・独白,1.0
at://did:plc:56krhffd3eczl6yn3nhmoktq/app.bsky.feed.post/3m67pwzwggs2w,生スタフォニ凄かったです。トロッコが近くて、かなり至近距離で色々と拝ませていただきました。皆さん本当にずっと笑顔で一人残らずアイドルだったし、演奏も演出も衣装も、何もかもがとんでもなくクオリティ高かった。あと、広い会場を埋め尽くすペンライトの光は、実際に会場に行かないと体感できない光景だな……と思いました。,ライブ、コンサート,1.0,感嘆,1.0,情熱・熱狂,1.0
at://did:plc:dwukwsfaadk77cirhhbqzl3w/app.bsky.feed.post/3m67pwzbsbs2u,現在のイングランドの階級制度や北部（特にヨークシャ）軽視は1066年のビリーから始まっているし、ビザンツとのつながりやルーシへの影響も考えると現代につながる「欧州」って事実上ヴァイキングが作ったみたいなところもある。一方北アフリカはアラブ人に上書きされちゃうわけだけど,世界史,1.0,興味,1.0,客観的・分析的,1.0
at://did:plc:35l6xw5atod2xjztbaksv7oi/app.bsky.feed.post/3m67pwyvcuk2s,ヨーロッパ・ロシアからベラルーシ、ウクライナを中核にバルト三国やカルパチア東部まで含めた歴史的ルーシ概念が復活できればいろいろ楽なのにと思っていたものだけど、プーチンのせいで言いづらくなってしまった。なにがルースキー・ミールだ。,国際情勢,1.0,怒り,1.0,皮肉・当てこすり,1.0
at://did:plc:3y7denjkfn3ygu57ujqksok6/app.bsky.feed.post/3m67pwypv222o,"60歳さんじくんを描く時に雰囲気の参考にしてたのがマッツだったのだけど、でもまだ50代なのにごめんよマッツ…とちょっと申し訳なくおもっていたのでした…

そんなマッツが今日とうとう還暦に！😆おめでとうございます！",俳優、女優,1.0,喜び,1.0,親しみを込めた,1.0
at://did:plc:muf37b3kkg2h4x7etv27g4xy/app.bsky.feed.post/3m67pwyfrsc2h,"導入が
【大変だー！
👑が【服薬した時に言った言葉しか使えなくなる薬】を頭から被ってしまったー！
しかも頭から被った時に🧳を呼んだせいで言える言葉が｢姉上｣だけになってしまったー！】
のオチなしドリオルアホ漫画描きたい",コミック,1.0,期待,1.0,ユーモア・ネタ,1.0
at://did:plc:xoqk3l277czpidfsdq3hzvcq/app.bsky.feed.post/3m67pwycuzk2m,"あくあさんこあくあさんの事になると早口になるので、抑えて相手が望む情報を伝えることを気にすると少しはマシになるかもしれない

あとインストって一方的に話すことじゃないので
ルールの説明はその場その場で簡単に行えばいいので",人間関係の悩み,1.0,平穏,1.0,客観的・分析的,1.0
at://did:plc:jmrksr5zuqozjj26b2s6owqs/app.bsky.feed.post/3m67pwx27bc2v,"【 ｼﾝｸｰ】
           ／              ＼
       ／                       ＼
【twst】٩😬ว=͟͟͞͞💦＿【fgo】

                        【とうらぶ(実家)】",オンラインゲーム,1.0,動揺,1.0,ユーモア・ネタ,1.0
at://did:plc:ssrgbdoebq6xyg5fwlcysmaq/app.bsky.feed.post/3m67pwuv6bs2x,"わたしはね、ほんとは日本語が嫌いです　すきなんｄｓけど、(自己弁護)日本語がたくさん聞こえるので、全てのあくいや、いいえ、全てではないですが、が,
いらだた　耳から入って、上の方に当たって、すぐに何処かを通って胸のぐるぐる当たる感じがしますね　絡まった青い花紙みたいな　掃除機など、に　線香←蚊取りのように　しますね〜;;",言葉、語学,1.0,嫌悪,1.0,独り言・独白,1.0
at://did:plc:x7zucqbnjflzdscezuof2bym/app.bsky.feed.post/3m67q46ej652l,『ざくまるのガンプラデータベース』※随時更新中 【HGIBO010】百錬（アミダ機） ※キットの紹介ページから商品を探せるようにしています。 https://db.zakumaru.com/?p=5071 #ガンプラ #ガンダム #ガンプラ再販,模型、プラモデル、ラジコン,1.0,平穏,1.0,丁寧・中立,1.0
at://did:plc:7bnueuly6ttgiynvk4aada4d/app.bsky.feed.post/3m67q424cr22v,"ドラクエ2ようやくクリアした

みんな散々言ってるけどバズズ、敵ながらいいキャラしてたなあ

人間と悪魔じゃ価値観違い過ぎて、結局バトルになるんだけど、敗れて死に際になって触れた人間の優しさを理解しかけた所で昇天って演出に込み上げてくるものがあった

#ドラクエ1＆2 #DQ1and2 #ドラクエ2",ドラゴンクエスト,1.0,感嘆,1.0,独り言・独白,1.0
at://did:plc:tzhbs3i35mouda7tqbjxvbpl/app.bsky.feed.post/3m67q3zwj7k2k,百科の作品閲覧のやつみてると、基本みんな毎日2000？人間？アクセス？は自カプの作品読んでるんだな〜と思いつつ(私も読んでるし)、このバカ高アクセスの時なに……………？と思ったらバースデーだった あーね,同人誌、コミケ,1.0,驚き,1.0,独り言・独白,1.0
at://did:plc:67pf7z4j3g7fxsboxa3hknry/app.bsky.feed.post/3m67q3twiok2c,しかし次メジャーアプデはてっきりネオユニだと思ってたから、最近出てきたラハイと夢州のが次に来るの？？いやそれはそれでいいですよ。引き延ばされた分、あれでしょ？サイパンコラボとかでモルくんが配布衣装とかくれるんでしよ？？？くれない？？そんなー,ゲーム,1.0,期待,0.0,独り言・独白,1.0
at://did:plc:ucxdvfbbqywbiensna4ooftf/app.bsky.feed.post/3m67q3ply2s2g,"ꉂꉂ📣<開催中ー！！

／
FoxRayer🦊SONG LIVE Vol.291
cluster.mu/e/8385da7e-d...
＼

SteamVRが不調でも
Foxさんの歌は止まらぬ！！！

#ProjectFRVS #FoxRayerSongLiveInCluster #cluster #Vsinger #3Dlive #VR",ライブ、コンサート,1.0,喜び,1.0,激励・応援,1.0
at://did:plc:y5upvbsbqypdcrroacy26mt4/app.bsky.feed.post/3m67q3nbka22o,寝るつもりだったのになぜか朝7時まで台湾旅行動画を観ている。そういえばいつもは前調べもなくお母さんについていったり別行動の日は適当に歩き回っているけど観光者の視点から逃したことが多いな……色々な店を今度の参考にメモしとこう……そして朝7時に食欲で爆死,海外,1.0,驚き,1.0,独り言・独白,1.0
at://did:plc:zmfuvmy5kizf3pmwoncbohqk/app.bsky.feed.post/3m67q3kpyu224,"めっちゃ無理して疲れたのでずっっっと気になってたチョコワというシリアル買った　いま食べる　
朝食シリアルって書いてあるけど夜に食べる
海外の映像にカラフルなチョコワ出てくるじゃん　食べてみたかったんだよね　カラフルなやつじゃないけど",菓子、スイーツ,0.0,平穏,1.0,独り言・独白,1.0
at://did:plc:7g5fi77gj3ih6hgdixftyiuy/app.bsky.feed.post/3m67q3k6ge22o,"arbres à feuilles caduques
deciduous trees
落葉樹

＃ステレオ写真　＃立体写真
#stereophoto  #3Dphoto  #stereoscopic  #stereoscopy  #3dimage",写真、ビデオ,1.0,平穏,1.0,客観的・分析的,1.0
at://did:plc:6k4kmf55brvhvdnmax7cjess/app.bsky.feed.post/3m67q3jutpk2q,"『トリツカレ男』原作の小説が好きで、小説で満足しているので他はあまり目を向けていなかったんだけど（キャラメルボックスの舞台版は観た）、今やっているアニメーション映画版の評判がいいようで気になる……
いしいしんじは一時期何冊か読んでいた。『麦ふみクーツェ』が一番好き。",小説,1.0,興味,1.0,独り言・独白,1.0
at://did:plc:hm65yop32r7f3wjy4bz6men5/app.bsky.feed.post/3m67q3hagk22j,"IKEAのおままごとキッチンはずっと悩んでたけど、最近おちびがご飯作るごっこをするようになったのと、ばあばが

👵「ちびが遊ぶかどうかじゃなくてばーさんのエゴで買いたい」

と言い出したので導入
結果めちゃくちゃ遊んでるので買って良かった！！
まじずっと遊んでる！",おもちゃ,1.0,喜び,1.0,親しみを込めた,1.0
at://did:plc:5dcp2nip7hbsve5i336widg4/app.bsky.feed.post/3m67q3fwhrc2o,"勘兵衛くん、トライアル出発を1週間後に控えて爪切り完了（ようやく切らせてもらえた）。
勘兵衛くんにもところどころ黒い爪があって喜ばしいね。
爪まで黒い猫は福猫だって夏目金之助先生宅に出入りするバァさんが言ってたそうですよ。",ネコ,1.0,喜び,1.0,親しみを込めた,1.0
at://did:plc:tha75ojkv2ppwxrcqywddqu7/app.bsky.feed.post/3m67q3d26nc24,"娘氏がパワーパフガールズに興味持ってたので20年以上前に買ったパワーパフガールズのゲーム引っ張り出してきた。
北米版PS2でしか出来ないゲームだから意外とレアかも。
全部英語表記だから、英語の勉強にもなればいいかな…",テレビゲーム全般,1.0,喜び,0.0,親しみを込めた,1.0
at://did:plc:hojymcdx2wy6urmfd53xqyod/app.bsky.feed.post/3m67q3bekt22u,"【熱田神宮】
念願…念願です…‼︎😭
太郎太刀に会いに行ってきました…‼︎
写真はNGなので体験？コーナーの太郎太刀を…📸感動しすぎて何十分居たんやろ…って位眺めてました…✨タロさんの歴史に触れられて感無量🙏✨実寸が持てるとの事だったんですが…あまりに重すぎて後に居た知らないお姉さんに『やばいです！腰やられます！』ってお声掛けしてしまた😂
熱田神宮最高に気持ち良くて何時間居たんやろ笑
宮きしめん食べたかったけど鰻腹パンで断念…（饅頭は別腹）
名旅で1番嬉しい時間だったかも…😌",観光地、行楽地,1.0,感嘆,1.0,情熱・熱狂,1.0
at://did:plc:2tzwdgsft5fnm4l72ulidya3/app.bsky.feed.post/3m67q37kfik2e,「あしたのジョー」もU-NEXTで1話から見てるが、丹下段平目線で見てしまっていて、丹下が号泣しながら「あしたのために その2」の手紙を書くシーンはかなり感動した。あと、お嬢様の白木葉子が高卒の19歳で家の事業をやってることにビックリ,アニメ,1.0,感嘆,1.0,独り言・独白,1.0
at://did:plc:lna3ygnos226lfwl26mus5ws/app.bsky.feed.post/3m67q36hnsc2s,ロシアがどうしても欲しいクリミア半島までの道を渡す前提になってるのでもうロシア完全勝利でしかないんよな…おれらのみみっちい寄付で軍はなりたたんのはわかるが www.afpbb.com/articles/-/3...,国際情勢,1.0,憂い,1.0,独り言・独白,1.0
at://did:plc:k6b23esi7vnlwheccaxmxrb6/app.bsky.feed.post/3m67q354o6s2r,11月22日土曜日の夕食。#唐揚げの甘酢がけ、#千切キャベツ。唐揚げの甘酢がけは三原市須波ハイツおおたにが調理したもの。千切キャベツはセブンイレブンの袋詰めのもの。韓国風ドレッシングで喫食。（画像は連絡先です）,料理、食材,1.0,平穏,1.0,丁寧・中立,1.0
at://did:plc:ekolrhano34shankfr7e2hdy/app.bsky.feed.post/3m67q342pbk26,"人の温かさに触れ、安心感を覚えること以上に、「何を考えてるかわからない、恨まれてるかもしれない」とか思うことが多くて......人と関わるのが合わないのかもねって

気疲れしちゃって、でも誰とも話さない閉鎖空間はもうこりごりで、でも怖くて

こんな自分が一番嫌い",恋愛相談、人間関係の悩み,1.0,悲しみ,1.0,独り言・独白,1.0
at://did:plc:sjidemzr6ofa6xoaepd2kblf/app.bsky.feed.post/3m67q2whltc2r,"皆さんこんばんは🌙
皆さん今日もいろいろとお疲れ様です🥰夜職の方はいろいろと無理をしない程度でいろいろとやってくださいね🥺お休みの方は夜はのんびりとお過ごしをしてくださいね❤️
在宅ワークをして居ます私の動画を載せますので皆さん宜しくお願いします🙇私の動画を観て癒やされてくださいね❤️
ちなみに私は男の娘&ニューハーフですので皆さん受け止めてくださいね🥰
皆さん改めて大好きだよ❤️それ以上に愛しています❤️前の投稿に書いて居ますけどなんだか私は甘えたい気分ですので皆さんコメント欄にラブラブ😍なメッセージをお待ちをして居ますね❤️❤️❤️
#男の娘#ニューハーフ
#メンズエステ
#アロママッサージ",雑談,1.0,喜び,1.0,親しみを込めた,1.0
at://did:plc:rwczg6gwuzaigi3snf2vyoim/app.bsky.feed.post/3m67q2v26pc2q,"とりあえずは、立ち退き要求については拒否。
立ち退き費用云々については、二の次。
あまりに怒りすぎてて、悲しく呆れる。
どんなに酒飲んでも酔わない。
というか、酔えない。
長い間の信頼で成り立っていた関係が、たった一言の退去命令で崩れるのかと。
希薄な関係だったのかと、呆れる。
所詮、自分なんてそんな存在なんだろうな。",恋愛相談、人間関係の悩み,1.0,激怒,1.0,独り言・独白,1.0
at://did:plc:jr7i36any7dw5seaoo6337qd/app.bsky.feed.post/3m67q2x5lls2q,"【Ｊ２プラス 甲府 vs 徳島】～小さな県のソコヂカラ 第８節・ご当地の魚【スポーツ／山梨】

https://www.walknews.com/1125499/

 　Ｊ２でしのぎを削るヴァンフォーレ甲府と徳島ヴォルティス。拠点とする山梨県と徳島県は人口６０～７０万人台、面積が約４千平方キロと規模が類似し、チームの営業収入（最新2023年、約20億円）も同規模となっていま [...]",サッカー,1.0,平穏,1.0,客観的・分析的,1.0
at://did:plc:ftx36xhlxmljckcs73h7ymkn/app.bsky.feed.post/3m67q2ty5tk2y,"Enfim, não acredito que ele fique por causa da doença, mas que pelo menos ele pôs o pezinho na cela um dia, pos",雑談,1.0,期待,1.0,独り言・独白,1.0
at://did:plc:6qqwxzg2k5ucyw3rz5algdpy/app.bsky.feed.post/3m67q2s3lec2m,"スリーズブーケのパフォーマンスをリアルで見られることに感動しすぎてここからずっと泣いてた
8年ぶりのラブライブ！のライブだったのもあるし、その時間を経てスリーズブーケが大好きになった今が嬉しかったのもあるし",ライブ、コンサート,1.0,感嘆,1.0,情熱・熱狂,1.0
at://did:plc:kay2r73e5ssqee5u3zhhpavn/app.bsky.feed.post/3m67q2rawt22w,"言葉の不可逆的な汚染といえば……

これはネット前後じゃないけど「ワナビ」がネガティブな意味で定着する前段階があったというのは、しいて思い出さないと今じゃピンとこないやつだな。

例えば1986年リリースの女子プロレス物OVA『ウォナビーズ』は英語表記がWANNA BE'Sで後のワナビと同じ語なんだけど、この場合は未来にこうなりたいというビジョンを抱えてるポジティブなニュアンスなのね。

なお作品は後半がバイオホラー展開になってドーピング薬で生まれたモンスターに襲われます(おお、80年代！)

ゲストのちょい役にデーモン小暮と古舘伊知郎が本人役で出演。",アニメ,1.0,興味,1.0,客観的・分析的,1.0
at://did:plc:jr7i36any7dw5seaoo6337qd/app.bsky.feed.post/3m67q2tc4jo2f,"曽我さん、母ら被害者全員帰国を 拉致解決求める集会で講演、福井 | | 全国のニュース

https://www.walknews.com/1125500/

拉致解決求める集会で講演、福井 2025/11/22 18:19 　福井県勝山市で開かれた集会で講演する曽我ひとみさん＝２２日午後 　「北朝鮮に拉致された日本人を救う福井の会」（救う会福井）は２２日、早期解決を求める集会 [...]",ニュース、事件,1.0,平穏,1.0,客観的・分析的,1.0
at://did:plc:jr7i36any7dw5seaoo6337qd/app.bsky.feed.post/3m67q2pp6zw2v,"大相撲九州場所14日目 石川県出身力士の横綱・大の里と新入幕・欧勝海は・・・（MRO北陸放送）｜ｄメニューニュース（NTTドコモ）

https://www.walknews.com/1125502/

大相撲九州場所14日目 石川県出身力士の横綱・大の里と新入幕・欧勝海は・・・ 大相撲九州場所は14日目。 優勝争いをする津幡町出身の横綱・大の里、横綱・豊昇龍、関脇・安青錦の3人が目の離せない戦いを見せました。 2敗で首 [...]",大相撲,1.0,平穏,1.0,客観的・分析的,1.0
at://did:plc:7rga42z37znfmijomysuvsrl/app.bsky.feed.post/3m67q2lz5ok2z,"たぶんね、こあくあさんが「ここすき〜」のとこを「ここいいよねぇ〜、こんな感じで遊ぶと楽しそうだよね。どんなふうに作ってみたい？」って相手主体の会話ペースになるとよいのよね
ボドゲイベントで販売してる人たちのインストとか見てるとたのしいし参考になる
あの人らのスキルおかしい",雑談,1.0,驚き,1.0,教訓的・啓発的,1.0
at://did:plc:jr7i36any7dw5seaoo6337qd/app.bsky.feed.post/3m67q2lafrs2c,"富山県上市町にコンテナホテル 「HOTEL R9 The Yard 上市」が2025年12月20日(土)開業！

https://www.walknews.com/1125504/

株式会社デベロップ(本社：千葉県市川市、代表取締役社長CEO：岡村 健史、以下「デベロップ」)は、富山県上市町にコンテナホテル「HOTEL R9 The Yard 上市」を2025年12月20日(土)に開業します。 なお [...]",ホテル、旅館,1.0,平穏,1.0,客観的・分析的,1.0
at://did:plc:cbeiv3orro4gas3zdckcm77v/app.bsky.feed.post/3m67q2idnw22u,"今まで
👹がいじめてくる理由は
２つあったけど

1つである

　　人の奪いあい

は無くなったから
それでも
もし嫌がらせがあった場合

それは
世の中に物申す
の方への嫌がらせだと
捉えていいよね

もし
続いたら

　　だいぶその事務所
　　やばいよね

だって…反日ってことでしょ？",恋愛相談、人間関係の悩み,1.0,怒り,1.0,挑発的・攻撃的,1.0
at://did:plc:barizjgtb4nzai4pn3eg24tx/app.bsky.feed.post/3m67q2go23s2b,"『科学社会学への招待』マッシミアーノ・ブッキ著、伊藤憲二・水島希・藤木信穂訳、さいはて社
　こちらの書評が、毎日新聞に書評が掲載されました。
　mainichi.jp/articles/202...
コンパクトに科学社会学の全貌がつかめる上、翻訳の脚注の切れ味が鋭く（読み応えある、面白い）、読書案内も日本語の読者に親切で的確なので、科学社会学の初学者にお勧めです。
　科学コミュニケーション系の理論を知りたい方にも、入り口としてご紹介したい本です。",読書,1.0,信頼,1.0,教訓的・啓発的,1.0
at://did:plc:yviyerrr6kx52cr5v56b3yg6/app.bsky.feed.post/3m67q2gm3ls2m,Amazonで蒟蒻ゼリーアソート買っちゃった。最近食べてるのが桃、りんごぶどう味で、見かけなくなった温州みかん味まで入ってるから届くのが楽しみ。夏にまとめ買いして大事に食べてた期間限定の塩レモン味は残りひと袋、賞味期限切れるから今年中に食べないとね(* 'ᵕ' )☆,菓子、スイーツ,1.0,期待,1.0,独り言・独白,1.0
at://did:plc:pivymjz3rvyp77bzpzshrk6u/app.bsky.feed.post/3m67q2fgqbs2t,"同じ業界にどんな形でもずっと居られた人間は相当のタフネスなんだと思う。ただそれを今の若手に求めるのは違うし時代もモラルも変わっているから同じ年代の管理職は『自分達の常識』を刷新しないと場合によっては一発アウトになるだろうなあと思う。
息吐くようにモラハラパワハラしてる人いるからね。特に中小企業で管理職の研修なんてやってられないとことか。",労働問題、働き方,1.0,憂い,1.0,教訓的・啓発的,1.0
at://did:plc:jr7i36any7dw5seaoo6337qd/app.bsky.feed.post/3m67q2h23is2q,"【特集】新潟市・古町が「熱狂」　“50メートル全力疾走” 　短距離走イベント開催　五輪メダリストも参加《新潟》（2025年11月22日掲載）｜TeNY NEWS NNN

https://www.walknews.com/1125506/

商店街が陸上トラックに様変わりです。9日、新潟市の古町地区で開かれたのは短距離走のイベント。オリンピックメダリストも参加し古町が熱狂に包まれました。 舞台は古町モール 古町モールの中を走る、走る、とにかく走る。 舞台とな [...]",マラソン、陸上競技,1.0,平穏,1.0,客観的・分析的,1.0
at://did:plc:bl47b7hzr7fckhc4abfo2yso/app.bsky.feed.post/3m67q2dm6b22l,"なんか家電って数カ月に一度買い換えるものなんだなって
ここ3年ほどの軌跡
レンジ壊れる→加湿器買う→布団乾燥機買う→掃除機買い換える→食洗機買う→給湯器買い換える→コンロ台買い換える→配電盤新調→クーラー買い換える→冷蔵庫壊れる→イマココ！！→レンジ壊れる→PC壊れる

あと直近でコタツと洗濯機とガスヒーターが寿命間近でござる
なんなんだ
せめてインターフォンくんには是非長生きして欲しい",家電、AV機器,1.0,動揺,1.0,独り言・独白,1.0
at://did:plc:ukpf6f62iq2as5vxrw4bbx2f/app.bsky.feed.post/3m67q2cv3y22u,"キャラのこと全然知らない調香師の人が作ってくれる香水からしか取れない栄養ある
調香師としての知見から、立場や性格と照らし合わせてTPOにあった香りというか…作品の年代に流行った素材とか…そういうこだわりがあるなら楽しいな〜",香水,1.0,興味,1.0,独り言・独白,1.0
at://did:plc:33uf2iugqnahjfbqiw4vvzdf/app.bsky.feed.post/3m67q2c2ckk2f,"🍺┏○)) ｱｻﾞ━━━━━━━━ｯｽ！！

あらっ　ねこちゃんはおやすみモードなのね🐱💤

そういえば「ひでちゃん」の冬のバージョンは見たことないですね(・・?

今夜は暇なのでちょっと探してみましょうかね(￣ー￣)ﾆﾔﾘ",雑談,1.0,興味,1.0,親しみを込めた,1.0
at://did:plc:x53q6ffygafw6jmgj6clxofd/app.bsky.feed.post/3m67q2a7zd22t,"⚠️Please DO NOT upload my picture without permission.
#飯テロ 
秋葉原 ガスト
🔸旨っとろ!豚バラチゲ🥩🍲
➕ご飯🍚
🔸レモンサワー🍋🍸

キムチぃ""ぃ""い""笑笑
熱い➕ちょい辛い🥵から
レモンサワー🍋🍸がピッタシ笑
若鶏スパイス焼きetc.器で
来ると想たら1人鍋🍲丁度器笑
ナムルとか🇰🇷あるあるモヤシが邪魔に感じる人←
〆に雑炊的ぶっ込ご飯🍚 
豚バラ肉🥩所謂角煮でほろほろっ
#ジョブチューン 合格🌸💮
旨い😋笑
因、➕ご飯🍚¥100
ライス¥260 小¥240
大¥310 

🐟さんに言ったが
""鍋🍲＝チーズ🧀""🤤
ほしい無いチーズ🧀←",飲食店,1.0,喜び,1.0,情熱・熱狂,1.0
at://did:plc:qnvlmpdq6bfdg7iizl727lnm/app.bsky.feed.post/3m67q27dzss2w,"すごく今更なお知らせですが、商業BLの連載をしています！
「かじりついてロマンス」というB級映画監督と水族館飼育員のお話です
読んでいただけたら嬉しいです！！
#商業BL #創作BL
www.cmoa.jp/title/330601/",コミック,1.0,期待,1.0,丁寧・中立,1.0
at://did:plc:fardbqgrvbvwc4k7awqlclet/app.bsky.feed.post/3m67q26grc222,"まりもちゃんこんばんわー😸

自分は今回は見てるだけにするかな（ちょっと題材みたら自分が自信なさそうなジャンルだったもので😅）

今日もおつかれ様でしたー
明日もよろしくお願いします✨
#aiart
#ディーナ",雑談,1.0,平穏,1.0,親しみを込めた,1.0
at://did:plc:hxothbg2go2jya7j6d5x54tf/app.bsky.feed.post/3m67q25nbuc2h,初期設定してるの横でちょっと見たけど、Switch2ガチでデカくてびびるわｗｗｗオンライン設定で少しコントローラー触らせてもらったけど、ジョイコンの手触りがすべすべしててお上品な手触りしてる気がする(※単なるプラシーボ効果の可能性),テレビゲーム全般,1.0,驚き,1.0,独り言・独白,1.0
at://did:plc:7g5fi77gj3ih6hgdixftyiuy/app.bsky.feed.post/3m67q25d2pk2o,"feuilles tombées
fallen leaves
落ち葉

＃ステレオ写真　＃立体写真
#stereophoto  #3Dphoto  #stereoscopic  #stereoscopy  #3dimage",写真、ビデオ,1.0,平穏,1.0,客観的・分析的,1.0
at://did:plc:vcnm2zehfojzn6o2dvg2lssj/app.bsky.feed.post/3m67q26elxc2k,"舌ったらずに🪐を呼ぶ💥ｸﾕが好きすぎて…

💥「わかった！わぁったからぁ……っ！」
🪐「抱くのはオレだからな」
💥「………オレもだきたいのに…」
🪐「抱くのはオレだ。おねだり聞かせてくれないか？」
💥「………ゃ……」
🪐「言わないとやめないし抜かない」

呪いまでかけてくの執念すぎる……
💥が🪐のこと押し倒したら身体固まっちゃう……！？その隙に乳首きゅって摘まれた💥ｸﾕはすぐ押し倒されて挿i入されちゃうんですね……ｴﾁﾁだ………",同人誌、コミケ,1.0,恍惚,1.0,情熱・熱狂,1.0
at://did:plc:vcnm2zehfojzn6o2dvg2lssj/app.bsky.feed.post/3m67q256ia22k,"🪐「オレに任せろ」
💥「ぉ、おう………ッ！！！？？？えっ、ひっ、ァ……な……に」
🪐「腹のここまで入ったのわかるか」
💥ﾋｭｯ（息を呑む音
🪐「ここ。破ってしまいそうだな…（ﾅﾃﾞﾅﾃﾞ
💥「や、やめて………？」🥺

初回から🐳も失i禁するまでイかせるのもヤバい最高です👍
漏らしたって泣きながら🪐に縋りつく💥ｸﾕ……優しさのかけらも見受けられない🪐www

あっあっ録画までするなんて入念な!!! 放心してるうちに証拠残すなんて…！しかしあとでｴﾁﾁな💥ｸﾕを見返すこともできますし良いですね！
ひぃぃいいいい…茫然自失になってる💥ｸﾕをゴリゴリ突いちゃって、💥に了承させる🪐最高おぶ最高です……🙏🙏",同人誌、コミケ,1.0,恍惚,1.0,情熱・熱狂,1.0
at://did:plc:hm4lpsqzdna3u6tporik55ai/app.bsky.feed.post/3m67q244vz22b,素直に最高〜！！！！って反応してくれるの個人的には嬉しいから、自分も最高！最高！って伝えていきたいけど、近年心の加齢が進んでるので伝えられていない…が❤️等はすべからく共感か最高！！！！！！の気持ちを込めてます やすお,雑談,1.0,喜び,1.0,独り言・独白,1.0
at://did:plc:lkj3xg65h5st5qe5x7s74k43/app.bsky.feed.post/3m67pzzrnsk2w,"今日はいい夫婦の日だって
😈ﾉ 🐦

…
😈ﾉ 🐦…私たちには関係ないのでは？

🏩の宿泊料が安くなってるらしいよ
😈ﾉ 🐦なるほど

えー
😈💦　🐦でも泊まらないわよ

l|||||l|l
😈　　🐦…

l|||||l|l
😈👈🐦なに落ち込んでるのよ",年中行事,1.0,悲しみ,1.0,ユーモア・ネタ,1.0
at://did:plc:qmi26i47d5ijqek5x2dubluq/app.bsky.feed.post/3m67pzyo3522x,"せんだい演劇祭もそうですが、こちらも本番まであと一週間となります！
名取シニア劇団あっぺとっぺ創立十周年記念公演ということで、メンバーも非常に気合の入った創作に取り組んでおります！

こちらの方もどうかよろしくお願いいたします！
11/30(日)14:00から名取市増田公民館にて！！",演劇、ミュージカル,1.0,期待,1.0,丁寧・中立,1.0
at://did:plc:kjyabimatuglji5gywk5mkfy/app.bsky.feed.post/3m67pztaih22r,"一次創作イラスト
100均のイラストマーカー3色を使いました💙🤍💜
(今回、色のぼかしもイラストマーカー「クリアブレンダー」を使用)
2枚目の画像は使ったインクの名前です

#一次創作
#アナログイラスト",絵画,1.0,平穏,1.0,客観的・分析的,1.0
at://did:plc:mztviyypt4bvonh7w2ju6j47/app.bsky.feed.post/3m67pzq2on22h,"#同７会おしらせ
ただ今の申し込み状況は101/124SPとなっております。
たくさんのお申し込みありがとうございます！
まだまだ募集を受け付けております。どうぞよろしくお願いいたします。
来月からはその他の企画についてもご案内してまいります。
pictsquare.net/ws6uoz008u4n...",同人誌、コミケ,1.0,喜び,1.0,丁寧・中立,1.0
at://did:plc:qtu66e3r2zulctnojye5r7hs/app.bsky.feed.post/3m67pzp5qu22z,"明日の夜遅くからLASTまで出勤します❤️

滅多にLASTまでいることないので、普段タイミング合わないお客様も是非起こし下さい✨

ふくよか過ぎるセラピストですが、肉感とオイドバは最高らしいです🥹！！",職業,1.0,期待,1.0,親しみを込めた,1.0
at://did:plc:46dc2bknqyluuh3vsx5ro74e/app.bsky.feed.post/3m67pzmjkjc2y,"怪談レストランとかアニメから原作に入ったらトラウマになってるちびっこ沢山いそう…
ギャリソンcv平田さんのイケボ…釣ってるからあのアニメ
原作愛読してたから、アニメ化のはまじで！！なったけどやっぱり別物だった
というか児童文庫じゃねーだろ原作",アニメ,1.0,嫌悪,1.0,独り言・独白,1.0
at://did:plc:jz3h7vvdy6e5hn4w5hxk6r3m/app.bsky.feed.post/3m67pzluhpk2b,"文フリがビッグサイト開催になったところと入場料要るようになったところまではへーって思ってたんだけど、今日改めて確認していたら前売り券が電子チケットでe+販売なのまじで驚愕している。文フリの入場をいーぷらアプリで表示する時代…！！！！
（東京住む前か住んだ当初にぷらっと行ったときはまだ何とか流通センターみたいな感じだったような気がする）",同人誌、コミケ,1.0,驚嘆,1.0,独り言・独白,1.0
at://did:plc:xyzapqmchsj3phdhexgevd5r/app.bsky.feed.post/3m67q7lbmls2g,"ちょっと配信の調子が変で、画面がとぎれとぎれになってる感じになってるので一旦中断してます。
アーカイブとか録画はちゃんと動いてたので、PCの処理が重くなってるのかネットワークが遅いのかちょっと分からんです…。
困った。",インターネット接続,1.0,心配,1.0,独り言・独白,1.0
at://did:plc:hgdwomapst4j6eikwhp6kwft/app.bsky.feed.post/3m67q7cnnk22u,多分私自信がないから続けられたんだろうな、とも思うんだよな　なんとか、どうにか形になりたいなと　実際形にはなっても、自信が一気に付くとかはなかったけど、……すごいとかでなく愚直すぎるだけなんだよな…それが褒めてもらえてるのかはわからないけど…,生き方、人生相談,1.0,憂い,1.0,独り言・独白,1.0
at://did:plc:gly2b6fafodv5pomn7u6fslv/app.bsky.feed.post/3m67q77uwu22d,"🌟 経済と社会のトピックス 🌟
経済に関するニュースでは、カキ大量死問題を受けて呉市が養殖業者に給付金を支給したことが話題になっています。 🐚💸 また、国会議員の歳費月5万円増が当面見送りになったこともニュースになっています。 💸👀",経済、景気,1.0,興味,1.0,客観的・分析的,1.0
at://did:plc:pnhm2iveitcnylazgc72yihb/app.bsky.feed.post/3m67q774jgc27,"ちょっと疲れたルパンみたいなおじさんのタクシーで奇岩の村に行ったら、半日ずっと村を歩いて紹介してくれた

自分はトルコ人だって言ってた、一人娘がいるんだって言ってた

別れぎわにお金を払おうとしたらお金を受け取らない....一緒に写真撮ろぅとしたら警察に捕まるからダメだってw
写真がダメなら日記に書くねって言ったらめっちゃ感動してて、こっちが泣きそう

イラン、離れるのが辛い国かも",観光,1.0,悲しみ,1.0,独り言・独白,1.0
at://did:plc:rgxlwi7hrjkfrgrvnkmmwbo4/app.bsky.feed.post/3m67q75bxfk2q,"幻のさらに幻の人外ミステリ四作目として、「異形館の殺人」があった

もちろん出てくるのは異形頭

鏡の異形頭の探偵と、人間の女子高生が、明治時代の洋館に集まった異形頭たちに訪れる連続殺人の悲劇を解き明かしていく話

「実は明治時代ではなく、2020年より未来の話だった」と言うのがどんでん返しで、ワープホールとか出てきたり、助手の女子高生が「後天的哲学的ゾンビ」たったりしてた",小説,1.0,興味,1.0,客観的・分析的,1.0
at://did:plc:hvzm366tv5ulmbl7pcogcz6v/app.bsky.feed.post/3m67q7427w22v,"stand.fm/episodes/692...
夜行性黒🦥の秒配信。今日のテーマは天邪鬼の考え方で5本打って見るね？(^O^;)

#stand.fm
#gonzaの秒配信
#天邪鬼の考え方
#人間の気質
#求めても獲られないものをこそ渇望する
#天邪鬼鬼子バチ当たりの3連コンボ",ラジオ,1.0,平穏,1.0,親しみを込めた,1.0
at://did:plc:gf3zxsqavfoutzsa4v3ej4ir/app.bsky.feed.post/3m67q722yi22r,"せっかくビ槍作ったけど全作り直ししないと二臨・三臨の周囲の飛んでく部分固定できそうにないなーこれ
一臨用にするか?
ヨの棍作った時みたいになんとか上手くやりたかったけど更にデカいしそんな都合よくいかないやー
浮遊してるものの表現難しい",コスプレ,1.0,動揺,1.0,独り言・独白,1.0
at://did:plc:gly2b6fafodv5pomn7u6fslv/app.bsky.feed.post/3m67q724hxh2p,"🌟 スポーツの話題 🌟
ラグビーの人気が続く一方で、競技人口が激減しているというニュースもありました。 🏉👀 しかし、全国高校サッカー選手権では、徳島市立が4連覇を達成し、最後の切符を掴みました！ ⚽️🎉",スポーツ,1.0,興味,1.0,客観的・分析的,1.0
at://did:plc:cu2qmloz2gotfscc6iqdb4fq/app.bsky.feed.post/3m67q6zctzc2z,現パロﾝｽﾞ君、🍔はテイクアウトしてナイフで切って優雅に食べてそうだけど⚔️おじさんとデートの時は真似っこして頑張って大きなお口開けて食べようと試みるもののやはり一口が小さい。でも対面に座ってる⚔️おじさんが何故か嬉しそうに見つめてくるので少しこそばゆいﾝｽﾞ君,アニメ、コミック,1.0,喜び,1.0,情熱・熱狂,1.0
at://did:plc:5dbzp3phnyw5y2vsfwjphzfh/app.bsky.feed.post/3m67q6xwpvs22,少し前に手足の浮腫がひどくて試しにフロセミド飲んだらひと晩で3キロ落ちたし膝下だけではなくももの裏から尻までも浮腫がとれて、あんなに落とすのが大変な3キロも結局水なのかよという怒りでダイエットできない（言い訳）,病気、症状,1.0,怒り,1.0,独り言・独白,1.0
at://did:plc:djigszbwu66bgp33smmspadl/app.bsky.feed.post/3m67q6xnwns2c,"DLSiteのエロ同人をいくら漁っても満たされなくて自分の好きは自分で描くしかないと覚悟を決めた漫画描きです
私が描かなきゃ読めないんですけど、やっぱ1作仕上げるとぷしゅーってなるね😂

ちょっとネームにも手をつけられてない日が続いてるけど頑張らなきゃな～",コミック,0.0,期待,1.0,独り言・独白,1.0
at://did:plc:cgty5mprpv77dfxznur6vzdc/app.bsky.feed.post/3m67q6vqnps2e,【DEAN】ジェームズ・ディーンの映画は、『エデンの東』くらいは大昔に観ている、か、も…少なくともミキちゃんの花組の舞台は観た（笑）。あとは怪しいし、プログラムで谷先生が語るように、教養として抑えている、とかはあってもあの時代の熱狂を共有しているとかはもうない、とまあまあいい歳の私ですら思う。でも『ジャイアンツ』の彼の役名「ジェット・リンク」にニヤリとしてしまうのよ、それは『サイボーグ009』の002の名前として、つまりザッツ・アメリカンとして継承されていっているのですよ…！！,俳優、女優,1.0,興味,1.0,独り言・独白,1.0
at://did:plc:jcx337eseo73hzztwg3q5l2h/app.bsky.feed.post/3m67q6vjuwc2m,保育園の頃、白米だけ持参する方式だったのだが、友達の樹脂製の弁当箱がなぜかよく見えて、金属だと米粒がネチョネチョして全部キレイに食べられない!!!!!とゴネて、新しい樹脂製の弁当箱をねだった記憶がある。アルミの弁当箱というか、印刷の絵柄というか色合いというか、が古臭く見えただけで、実際は食べやすさは違わなかったんだろうけど。,日用品、生活雑貨,1.0,平穏,1.0,独り言・独白,1.0
at://did:plc:qsl7pqfgvjuz2u55fazxavkx/app.bsky.feed.post/3m67q76wmx22q,"そろそろメイン進めないと‥！！

フレさんと5時間以上2人で話したけど、2人で話すの初めてだったから緊張したけど盛り上がってた😂
なんとかなるもんだな‥

いろいろ毎日が変わっていくなー‥

 #FF14 #FFXIV #st_mana",ファイナルファンタジー,1.0,喜び,1.0,親しみを込めた,1.0
at://did:plc:mpib6v74euxylkgzydovgzzn/app.bsky.feed.post/3m67q6trfck2m,"お知らせ②
イベント後にはなりますが、本日の設営風景、新グッズについてお知らせいたします🙇‍♂️🙇‍♀️

11/29(土)ボーマス61、12/7(日)の鏡音つきよ！にも04メインビジュアルのグッズを持ち込んでサークル参加致しますのでぜひ遊びに来てくださいね！😆🎶

#かがみら",同人誌、コミケ,1.0,期待,1.0,親しみを込めた,1.0
at://did:plc:gly2b6fafodv5pomn7u6fslv/app.bsky.feed.post/3m67q6u5qz326,"🌟 最新のニューストピックス 🌟
日本の鉄道に関するニュースがたくさんあります！ 🚂🎉 JR西の521系E01編成が敦賀へ回送されたり、阪神8000系8227Fフルユニットが尼崎工場出場試運転を行ったりと、鉄道ファンにはたまらない情報が満載です！ 🚂👍 また、京急新1000形1343編成が久里浜工場出場前試運転を行ったことも話題になっています。 🚂🔥",鉄道ファン,1.0,興味,1.0,客観的・分析的,1.0
at://did:plc:gzgepwifrnwperdcqpvtjbxs/app.bsky.feed.post/3m67q6qnsrs2o,"こんばんはー🐱😸💕💕
お疲れ様です(｡･ᴗ･)_🍵
素敵なイラスト(*´∀人)ありがとうございます♪
右上にいつものアイコンを確認しましたー(*˘ˋ*)｡♪:*°
いつもありがとうございます🎵︎‪︎‪💕🙌🏻😆😆🙌🏻💕🎵︎",絵画,1.0,喜び,1.0,親しみを込めた,1.0
at://did:plc:cyhhiqmmnmbeac7aobcjd2q7/app.bsky.feed.post/3m67q6odxis2l,"Skebの手数料無料キャンペーンが来ているそうです…！
「11月21日から11月30日までの間に承認した14,000円以上のリクエストについて、手数料が何件でも無料」とのこと
身の丈に合ってない感もありますが、良かったらご依頼お待ちしています🙏
参考イラストも載せておきます！

skeb.jp/@twilightLFO7

#Skeb #skeb #art  #OC  #oc  #illustration
 #イラスト",インターネットサービス,1.0,期待,1.0,丁寧・中立,1.0
at://did:plc:fzkbo2r5wkvesvl2zuibvtu2/app.bsky.feed.post/3m67q6nvxb224,先日の「年末ジャンボ発売記念イベント」での「吉岡里帆」が「指相撲」を頑張っていたのを撮影した報道メディアプレス。Youtubeに動画を出してくれないかな？まぁ出さなくても後で「天皇権限」で貰いに行くことになるだろうけど。早く出してくれると、記憶に残りやすくて良いのだが。,芸能人,1.0,期待,1.0,ユーモア・ネタ,1.0
at://did:plc:y4rf45ru7v6a2wdgdvhplz2t/app.bsky.feed.post/3m67q6nco322q,"今日は素敵な土曜の朝だったのに、投稿するのがこんな時間...

・米粉と蜂蜜のパンケーキ　新鮮なカスタードクリームとホワイトチョコソースに包まれたイチゴ、バナナ、焼き芋

#青空ごはん部 #青空スイーツ部 #food #pancake #strawberries #banana #sweetpotato",菓子、スイーツ,1.0,喜び,1.0,独り言・独白,1.0
at://did:plc:wt77rblhniio74nqte5stam3/app.bsky.feed.post/3m67q6kpkvc2x,"気付いたんだけど、「嫌ならやんなきゃ良いじゃん」の『嫌なこと』

呪いに“固定されるブロック”が掛かっていて、それを外せないと、例えどんなに「嫌」を感じていても責任感から降りられない、やらないができない",心理学,1.0,平穏,0.0,客観的・分析的,1.0
at://did:plc:vyj3nbovaqeg2c6uwvj2oair/app.bsky.feed.post/3m67q6jwoyk2d,"POCO F7を借りてしばらく使ってたけど、本体の質感はフラッグシップ並み。性能もしっかり高くて、普段使い〜ゲームまで不満なしのバランス型スマホだった。

Amazonブラックフライデーで 5.4万円→4.5万円 になってて普通にお買い得。

レビューはこちら↓

POCO F7 レビュー：ハイスペック・デザイン・バッテリー持ちの揃った高コスパスマホ | OREFOLDER orefolder.jp/2025/07/poco...",スマートフォン,1.0,信頼,1.0,客観的・分析的,1.0
at://did:plc:v7p6c3ztf7si42w5w6fyr723/app.bsky.feed.post/3m67q6jwfa22y,"ダントレ2組の可愛さについて考えていて
かわいいという概念が自分に適用されると微塵も思っていないがかわいいティオ
思ってないけど必要に応じてかわいい感じを装うドリ
かわいい面もあると自認してズルいかわいさの使い方をするルースさん
ぼくはかわいくないんです！かっこいいんです！のダントレくん
爬虫類好きから熱狂的にかわいいと言われ慣れているゴロちゃん

みんなかわいいね",アニメ、コミック,1.0,喜び,1.0,情熱・熱狂,1.0
at://did:plc:denkwcgomj3i4x3gvatoi6zm/app.bsky.feed.post/3m67q6hox3s2p,"記念日でケーキ作ってくださる夢羅崎ちゃんがあまりにも愛おし可愛すぎて…ありがとうございます…🫶🥰
望月家の皆で夢羅崎ちゃんのケーキを仲良く食べていますよきっと！
望月は「いい夫婦の日らしいから…いつもありがとう」って普段使いできそうなものをプレゼントしてると思います🎁",アニメ、コミック,1.0,恍惚,1.0,親しみを込めた,1.0
at://did:plc:cplqiktjwo5iggq3uyg57dyi/app.bsky.feed.post/3m67q6gbg2s23,"見ました。凄く良くて…。どこをとっても絵になる絢爛さは勿論のこと、ストーリー自体にかなり引き込まれた。俯瞰してみれば、ごく狭い場所で紡がれた小さなお話であるのに、このスケール感。幼い子の自由で制限のない心だから、美しく無限（そして夢幻）の壮大な世界を想像（そして創造）できたんだね。
そして、これは傷ついた者が他の傷ついた者の心を救う話なんですね。お互い意図せずに。誰か一人にでも強く存在を認められ求められたら、心は救われるんだよなと思って泣きました。あと、こんな素晴らしい映画が配信にもなく円盤も買えない（高騰したレンタル落ちは買いたくない）と分かり泣きました😇リー・ペイスの他作品見たくなりました",映画,1.0,感嘆,1.0,独り言・独白,1.0
at://did:plc:jf5je35tsjfoosslcreyckn5/app.bsky.feed.post/3m67q6fyhwk2a,"人間は愚か…(´；ω；｀)
なかなか大切なものに気付けないままだったりしますもんね…😭

手のひらくるーり😂✨✨
私も手のひらドリルなので分かります😂✨✨❤️
また本編で少しずつ小出しにしていきますね…🤤✨✨❤️",雑談,1.0,悲しみ,1.0,共感的・寄り添う,1.0
at://did:plc:slqrttqobhenrc3exaojokko/app.bsky.feed.post/3m67q6fhot22c,"「がん」という病気は存在しないことがRAPT理論によって既に明らかになっています。

誰もが正しい情報に基づき、生涯にわたって心身ともに健康に暮らせる社会となりますことを心から祈ります。

真理と真実を知った人から、この世界が変わっていきます。

rapt-plusalpha.com/131688/",病気、症状,1.0,信頼,1.0,教訓的・啓発的,1.0
at://did:plc:lr4en5hfogwi5tv3faljifr4/app.bsky.feed.post/3m67q6qiqgqr2,"趣味はびっくりチキンを暴れさせることです🥹

フルはYouTubeで見てね👀

誕生日祝いがうるさすぎる猫少年【猫尾しゆう/お喋り好き猫少年Vライバー】 #まおびのきりぬき #びっくりチキン
https://youtube.com/shorts/T0t09cpa6x8

#VLiver切り抜き #VTuber切り抜き #VLiver #VTuber",YouTube,1.0,喜び,1.0,ユーモア・ネタ,1.0
at://did:plc:oks4hrsdhmbkzzqcs4irjukz/app.bsky.feed.post/3m67q6csp3s2y,"コピックアクレアのスノーホワイト、初開封から既におかしかったんだけど2回目の今日は完全に描けなくてペン先アルコールで洗ってみたけどダメで。
替え芯買おうとAmazon見たら売ってなくてキーっ！となった祝日の夜…",文房具,1.0,怒り,1.0,独り言・独白,1.0
at://did:plc:fpetzsbsun64ya5bdeghvctg/app.bsky.feed.post/3m67q6chvfc22,"これなんでBMのぬいなんだろっておもったらBMWがだしてる店で、レシート持ってくとプレゼントがあったらしい。
店の名前が「CAFÉ & BAR B​」ってわかりづれぇ〜😂気づく人少なさそう。

とりあえずミュンヘンの空気は吸ったことにします😌
www.bmw.com/ja/freude-by...",カフェ、喫茶,1.0,平穏,1.0,独り言・独白,1.0
at://did:plc:gjlnzstpthr7ozxtfxqtzdym/app.bsky.feed.post/3m67q6akjjk2q,"因みに問題は多発しております
洗面台の口はありえないほど汚れていて落ちないレベルだし洗濯機の吸水口もぶっ壊れてて水が出ないので洗濯機が使えないです
そして水道の申込書がポストに入ってない
水ばっかじゃねぇか！",住宅,1.0,激怒,1.0,挑発的・攻撃的,1.0
at://did:plc:drpeo7cmo3gnnb565fd2bkua/app.bsky.feed.post/3m67q67uan22a,"え！りちゃと谷本さんがお茶してたあのお店がウエスト！？
奇跡……っ✨
確かにハムと野菜のサンドイッチ食べてロイミ飲んでいる…！
（ご本の感想はまた改めてお送りさせてください）

チサトさんとは是非ゆっくりお話ししたいのでいつか是非ウエストで会合しましょう🥰",飲食店,1.0,驚き,1.0,親しみを込めた,1.0
at://did:plc:vs7xgwlsvoibabtzvzvv54ok/app.bsky.feed.post/3m67q67b2es23,"本日、荏原 畠山美術館での《「数寄者」の現代―即翁と杉本博司、その伝統と創造》展関連プログラム、「杉本博司さんの楽屋裏」と題し、小池一子さんと対談でした。

実は小池さんとは初対談。「外に出してはいけない話」も含めて、盛り上がりました。お出ましいただいた皆様、ありがとうございました。

後期展示も始まっていますが、「別の展覧会か!?」と思わされる展示替えぶり。前期をご覧になった方も会期終了までにぜひもう一度お運びください。
www.hatakeyama-museum.org/exhibition/0...",美術館、博物館,1.0,喜び,1.0,丁寧・中立,1.0
at://did:plc:o5jghltoa2tmixwksy2mh7xu/app.bsky.feed.post/3m67q677uc226,"ATASのセールは数に限りがあるっぽい？
英語よくわからん。。
＞✈️ Limited to 4,000 standard and 400 Lifetime licenses

早押しだったら月曜早朝NKDで訓練されたブルスカ勢は負けないでしょう。

x.com/AtasTrading/...",インターネットサービス,1.0,心配,1.0,独り言・独白,1.0
at://did:plc:sbqa7ov75tn5ew77g4afa22o/app.bsky.feed.post/3m67q6624bs2x,"買えなかった🥺
電車乗って何店舗か見てきたんだけど、どこも売り切れで次回入荷未定なとこばかりで、めっちゃウキウキで買いに行ったからちょっとｼｭｰﾝとしちゃった( . .)笑
転売対策だから仕方ないけど難しい🥺
諦めずにこれから毎日電気屋に通いつめるよ！笑
ももちゃんはSwitch2買ったんだっけ？？✨️",テレビゲーム全般,1.0,悲しみ,1.0,親しみを込めた,1.0
at://did:plc:yociy7edhy5vo6m6ukqp6f3i/app.bsky.feed.post/3m67q64um3k2p,"ウクライナは、ポルノ女優の不倫相手に口止め料を払った犯罪者のバカのばかげた和平案を蹴るべきだ。この和平案を飲めば、いずれ、プーチンは戦力を蓄え、ウクライナに侵攻し、完全降伏どころか、ウクライナを完全にロシアの属州にしてしまうだろう。もちろん、ウクライナの尊厳と自由が守られるわけがない。
ウクライナは米国の支援に依存することなく、自前の武器で領土奪還まで戦うべきだ。
北方領土問題を抱える日本は、ウクライナ勝利の日までウクライナを支援するべきだ。

news.web.nhk/newsweb/na/n...",国際情勢,1.0,怒り,1.0,挑発的・攻撃的,1.0
at://did:plc:ebs53ortld3olsuztrl44neg/app.bsky.feed.post/3m67q63cgmk2f,"男の子かわいいし満足してるけど女の子も育ててみたかった〜！とか言える人の方が好感度高いからね
もう1人療育同じ日の男の子2人のママも性別聞いた第一声が「お下がり使えないとお金かかるね」だったからなんかこう……なんか……",子育て、出産,1.0,憂い,1.0,独り言・独白,1.0
at://did:plc:drr4ww5i5tn3ajmmdiofk5l2/app.bsky.feed.post/3m67q5zj2ok2u,"四連休初日は動物園前！
自由研究優秀作も見れてほくほく

夕ご飯は
義父私は秋刀魚の塩焼き
義母ムスメさんはサーモンとイカのお刺身
あとは野菜

伴侶さんはここんとこずっとゴルフや会合や忘年会
心配です",雑談,1.0,心配,1.0,独り言・独白,1.0
at://did:plc:43e66aza6z4vbbzndwrzjse2/app.bsky.feed.post/3m67q5xoxck2u,"こんばんは！ デリインの！ 今夜ちょうどお鍋でした🍲 豚こまや白菜の寄せ鍋だったのですが、和風キムチと一緒に食べてめちゃめちゃ美味しかったです🫶
電車もバスもあんまなくて、トホホですよね⋯⋯！！ 静けさがあるところには助かっております、幸い暖かい休憩所が多いようだったので、無理のない範囲で頑張ります🚃💨 https://wavebox.me/msg/5i7xmmss6z882tiu/dczxsjl1kz/",料理、レシピ,1.0,喜び,1.0,親しみを込めた,1.0
at://did:plc:r6hkk3e6k3cv6z6x2vq5k2vx/app.bsky.feed.post/3m67q62otsv2l,"Chimerric Park – HoYoFair Honkai: Star Rail 2025 Special Fan Art Program (Full CC Subtitles)

https://www.kusogame.com/82325/

Chimerric Park – HoYoFair Honkai: Star Rail 2025 Special Fan Art Program (Full CC Subtitles) Nothing Beats a Chimerric Park™ Holiday! Right now, you can hear the newly …",オンラインゲーム,1.0,興味,1.0,丁寧・中立,1.0
at://did:plc:jc5g3loyqdr2dajztx7qd3qg/app.bsky.feed.post/3m67q5wphik2i,"今日は、ヒカセンなら一度は目にしたことがあるかもしれないTEAPONDに母親連れて、クリスマスストーリーと7スパイスチャイをミルクティーにして飲んできたよ。どちらも、スパイスティです。
加糖せず飲んだけど、クリスマスストーリーは
キャラメルフレーバーが強いので、加糖せずとも十分な感じ。私の好みは7スパイスチャイ。ヒカセンに通じる様に言うならイシュガルドティ。",お酒、ドリンク,1.0,喜び,1.0,親しみを込めた,1.0
at://did:plc:ssrgbdoebq6xyg5fwlcysmaq/app.bsky.feed.post/3m67q5wllhs2x,ずっっっっとーー聞いているからさ　いうやなんだ　母さんも　ウウ　酷い歪んだ声で　いやさ、ぼくは別に、比喩とか、感覚的にとか、そういうつもりではなくて、歪んだ　音って　ひーーー；；あるじゃｎ　日本語じゃなかったら、意味がわからなかったら？こんなに　こんなに　こんなに　こんなに！　胸をかき混ぜられるような、そんな感じがしなかったでしょうか？😢　ばくちは悲しむかけです　確かに　ハハ　そういうわけではなくって、　胸が痛くなるんですね　わかるでしょう？；　私たちは、なんて悲しい生まれに生きてきて、いるんでしょうね…　マシなはずだよ！そうだね　君はいつだって正しい　そのとおり　正しいことです,生き方、人生相談,1.0,悲痛,1.0,独り言・独白,1.0
at://did:plc:pt34fqqprddrdqofbxxwfgty/app.bsky.feed.post/3m67q5vmo7k2s,"Mas essa família é muito burra mesmo. Chamar a atenção pra eles num momento que deveria ser de discrição.  Imagina o tanto de câmeras que ia ter filmando tudo la, inclusive do gado que adora criar provas contra eles mesmos.",雑談,1.0,嫌悪,1.0,挑発的・攻撃的,1.0
at://did:plc:ynbuz2kor4jhf2feoi2i354s/app.bsky.feed.post/3m67q5ryx3k2r,"xfolioとpixivにもあげたよ〜エピソードまとまっています
xfolio xfolio.jp/portfolio/sh...
pixiv www.pixiv.net/artworks/137...",画像、写真共有,1.0,喜び,1.0,丁寧・中立,1.0
at://did:plc:5xkaf74hno6eipxtpho6n6he/app.bsky.feed.post/3m67q5rkn3c2k,私は何のために生きて、何のためにここにいるのかな、私は私が何者か分からない、どうしてここまで生きてこれたか分からない、私がいなくなったら悲しんでくれる人はいるのかな、何をしても不安で自信なくて、迷惑かけてばかり、いる意味があるのかな。新人だからとか若いからとかの、しょうがないで片付けられないから、後悔がずっと残って、心臓がモヤモヤしたまま職場に行って、何とかこなしたら、また失敗、もうやだよ。親からも何しても指摘される、もう疲れたよ。,生き方、人生相談,1.0,悲痛,1.0,独り言・独白,1.0
at://did:plc:vab6otuzz3t6ca76mzo6dzf7/app.bsky.feed.post/3m67q5iojbs2r,"youtu.be/9FtXi-4T9cM?...
女子(？)2人が筋肉ﾑｷッなのに美脚✨️で混乱する笑🤣し、お母様(お祖母様？)ﾀﾞﾝｽ中スタイル良くて男らしさがｶｯｺｲｲしで惚れちゃう笑🤣 し、御手伝いさんとお坊っちゃんもｷﾚｯｷﾚ...全員ｽﾃｷすぎた😂面白いっ🤭✨️👏✨️後に急にくる腰痛...と、しおらしさが😂",ダンス,1.0,喜び,1.0,親しみを込めた,1.0
at://did:plc:v7rqptgzl64lxpgcgxvr5tkr/app.bsky.feed.post/3m67q5ldi7cg2,"モジモジさん:
「つーか、無駄に中国怒らせて、敵国条項削除を一層遠のかせてる高市及び極右の皆さん、マジで迷惑ですよね。」 / X
https://x.com/mojimoji_x/status/1992113388588245035",政治、社会問題,1.0,怒り,1.0,挑発的・攻撃的,1.0
at://did:plc:f5tfmwmrc2cikbeifelb5qpf/app.bsky.feed.post/3m67q5gpsh22x,久々に図書館で本を借りてきた　むつかしくて複雑な本は、わからん言葉の意味や自分の所感を本に直接書き込みながら読むんやが、図書館の本にはもちろんやるわけにはいかず……どうやって読もうかな　とりあえず別の紙にだらだら書きながら読むか　書き込みながらゆっくり読むのに慣れると文字だけで読もうとすると目が滑るんだよな,読書,1.0,平穏,1.0,独り言・独白,1.0
at://did:plc:ddjsx2aw7lusjljgzzpdkwj6/app.bsky.feed.post/3m67q5fyt3s2l,"カルデアバニー部総選挙で受注生産に決まったアクスタの予約〆切りは⚠11月30日までです！
投票に比べて予約全然入ってないのでみんな気づいて～！よろしくお願いします🐰
#FGO
www.melonbooks.co.jp/circle/index...",オンラインゲーム,1.0,心配,1.0,激励・応援,1.0
at://did:plc:bynhb2b6cyz3q5xjx7hnnokb/app.bsky.feed.post/3m67q5f6o6k2o,"PICREA（ピクリエ）開催イベント 【真木晶♂受けオンリー『星が奏でる魔法のメロディ5』 #ほしまほ5】 に参加します！ 

フィガ晶♂短編で参加します🎄
picrea.jp/event/5d38d5...",同人誌、コミケ,1.0,期待,1.0,丁寧・中立,1.0
